SALE TYPE,SOLD DATE,PROPERTY TYPE,ADDRESS,CITY,STATE OR PROVINCE,ZIP OR POSTAL CODE,PRICE,BEDS,BATHS,LOCATION,SQUARE FEET,LOT SIZE,YEAR BUILT,DAYS ON MARKET,$/SQUARE FEET,HOA/MONTH,STATUS,NEXT OPEN HOUSE START TIME,NEXT OPEN HOUSE END TIME,URL (SEE http://www.redfin.com/buy-a-home/comparative-market-analysis FOR INFO ON PRICING),SOURCE,MLS#,FAVORITE,INTERESTED,LATITUDE,LONGITUDE
MLS Listing,,Townhouse,7502 Broach Dr,Richmond,VA,23225,219000,3,3.5,Southampton Hills,2010,2178,1985,4,109,225,Active,,,http://www.redfin.com/VA/Richmond/7502-Broach-Dr-23225/home/55397650,CVRMLS,2009569,N,Y,37.5418961,-77.5323789
MLS Listing,,Single Family Residential,1909 Sharbel Cir,Glen Allen,VA,23059,429000,4,3.5,Maron Heights,2365,13503,2019,6,181,,Active,,,http://www.redfin.com/VA/Glen-Allen/1909-Sharbel-Cir-23059/home/59610363,CVRMLS,2009288,N,Y,37.669091,-77.478261
MLS Listing,,Single Family Residential,5407 Park Ave,Richmond,VA,23226,379000,5,3,Westwood,2559,12196,1975,25,148,,Active,,,http://www.redfin.com/VA/Richmond/5407-Park-Ave-23226/home/59861233,CVRMLS,2006816,N,Y,37.5783598,-77.5101365
MLS Listing,,Single Family Residential,2521 O St,Richmond,VA,23223,395000,3,3.5,,2002,1306,2018,38,197,,Active,,,http://www.redfin.com/VA/Richmond/2521-O-St-23223/home/55408932,CVRMLS,2005235,N,Y,37.536263,-77.413227
MLS Listing,,Single Family Residential,1335 Burning Tree Rd,Henrico,VA,23231,150000,2,1,Media Park,1273,41382,1950,1,118,,Active,,,http://www.redfin.com/VA/Richmond/1335-Burning-Tree-Rd-23231/home/59695328,CVRMLS,2009900,N,Y,37.4590018,-77.3958022
MLS Listing,,Single Family Residential,121 Carnation St,Richmond,VA,23225,170000,3,2,Pine Hurst,1032,16117,2004,1,165,,Active,,,http://www.redfin.com/VA/Richmond/121-Carnation-St-23225/home/55401925,CVRMLS,2009990,N,Y,37.500887,-77.5165219
MLS Listing,,Single Family Residential,2823 5th Ave,Richmond,VA,23222,116000,2,1,,864,8712,1920,1,134,,Active,,,http://www.redfin.com/VA/Richmond/2823-5th-Ave-23222/home/55419576,CVRMLS,2009910,N,Y,37.5664434,-77.416014
MLS Listing,,Single Family Residential,3848 Danewood Dr,Richmond,VA,23233,384900,4,2.5,Langtree At Wellesley,2248,11325,1992,1,171,80,Active,,,http://www.redfin.com/VA/Richmond/3848-Danewood-Dr-23233/home/59625123,CVRMLS,2009909,N,Y,37.6499262,-77.6283076
MLS Listing,,Single Family Residential,32 E Gray St,Sandston,VA,23150,159950,3,1,Sandston,982,11325,1951,1,163,,Active,,,http://www.redfin.com/VA/Sandston/32-E-Gray-St-23150/home/59688842,CVRMLS,2008404,N,Y,37.5174688,-77.3112533
MLS Listing,,Single Family Residential,4103 Sulgrave Rd,Richmond,VA,23221,1720000,6,5.5,Windsor Farms,6599,23086,1941,1,261,40,Active,,,http://www.redfin.com/VA/Richmond/4103-Sulgrave-Rd-23221/home/55452629,CVRMLS,2009899,N,Y,37.5525174,-77.4991778
MLS Listing,,Single Family Residential,,Richmond,VA,23223,155000,2,2,,864,4356,1941,1,179,,Active,,,http://www.redfin.com/VA/Richmond/Undisclosed-address-23223/home/55413469,CVRMLS,2009825,N,Y,37.533947,-77.4009523
MLS Listing,,Single Family Residential,13313 Edmonton Dr,Midlothian,VA,23113,848000,5,4.5,Tarrington,4764,20473,2020,1,178,79,Active,,,http://www.redfin.com/VA/Midlothian/13313-Edmonton-Dr-23113/home/59478894,CVRMLS,2009769,N,Y,37.550263,-77.641362
MLS Listing,,Single Family Residential,10101 Huntersdell Ln,North Chesterfield,VA,23235,259950,4,2.5,Bon Air Estates,1756,13939,1987,1,148,,Active,,,http://www.redfin.com/VA/Richmond/10101-Huntersdell-Ln-23235/home/59528015,CVRMLS,2009956,N,Y,37.5099754,-77.5805464
MLS Listing,,Single Family Residential,106 Burgoyne Rd,Henrico,VA,23229,615000,5,3.5,Georges Bluff,3530,26571,1986,1,174,12,Active,,,http://www.redfin.com/VA/Richmond/106-Burgoyne-Rd-23229/home/59664387,CVRMLS,2009417,N,Y,37.5864762,-77.5987892
MLS Listing,,Townhouse,,Highland Springs,VA,23075,89900,3,3,,1007,2178,1975,1,89,139,Active,,,http://www.redfin.com/VA/Highland-Springs/Undisclosed-address-23075/home/59685430,CVRMLS,2009778,N,Y,37.533664,-77.311312
MLS Listing,,Single Family Residential,3220 E Weyburn Rd,Richmond,VA,23235,325000,4,3,Oxford,2683,41382,1960,1,121,,Active,,,http://www.redfin.com/VA/Richmond/3220-E-Weyburn-Rd-23235/home/55395282,CVRMLS,2009760,N,Y,37.5423903,-77.5471862
MLS Listing,,Single Family Residential,313 Obrien Rd,Henrico,VA,23227,215000,3,2.5,Huntington Place,1471,11325,2010,1,146,,Active,,,http://www.redfin.com/VA/Richmond/313-Obrien-Rd-23227/home/59656629,CVRMLS,2009512,N,Y,37.6068815,-77.4334876
MLS Listing,,Condo/Co-op,5549 Forest Hill Ave,Richmond,VA,23225,159000,2,2.5,Colonial Green Condominiums,1160,871,1982,1,137,207,Active,,,http://www.redfin.com/VA/Richmond/5549-Forest-Hill-Ave-23225/home/55398342,CVRMLS,2009863,N,Y,37.5275756,-77.5011267
MLS Listing,,Single Family Residential,1664 Bilder Ct,Richmond,VA,23225,348740,4,2.5,Westlake,2544,,2020,1,137,110,Active,,,http://www.redfin.com/VA/North-Chesterfield/1664-Bilder-CT-23225/home/171226681,CVRMLS,2009961,N,Y,37.5374438,-77.5275463
MLS Listing,,Single Family Residential,4101 Bromley Ln,Richmond,VA,23221,650000,5,2.5,Monument Avenue Gardens,2770,6534,1926,1,235,,Active,,,http://www.redfin.com/VA/Richmond/4101-Bromley-Ln-23221/home/55447210,CVRMLS,2009896,N,Y,37.5682134,-77.4879941
MLS Listing,,Single Family Residential,3000 Noble Ave,Richmond,VA,23222,435000,3,3,Ginter Park Terrace,2360,6969,1922,1,184,,Active,,,http://www.redfin.com/VA/Richmond/3000-Noble-Ave-23222/home/55420521,CVRMLS,2006539,N,Y,37.572107,-77.4424308
MLS Listing,,Single Family Residential,12821 River Hills Dr,Chesterfield,VA,23113,469000,5,4.5,James River West,3691,58806,1986,1,127,23,Active,,,http://www.redfin.com/VA/Midlothian/12821-River-Hills-Dr-23113/home/59508881,CVRMLS,2009817,N,Y,37.5370164,-77.6356366
MLS Listing,,Single Family Residential,15042 Dordon Dr,Midlothian,VA,23112,552990,4,4,Rountrey,3035,19602,2020,1,182,75,Active,,,http://www.redfin.com/VA/Midlothian/15042-Dordon-DR-Unknown/home/171224676,CVRMLS,2009655,N,Y,37.5061069,-77.6490005
MLS Listing,,Single Family Residential,9703 Laurel Pine Dr,Henrico,VA,23228,325000,4,2.5,Laurel Pines,1813,11761,2018,1,179,,Active,,,http://www.redfin.com/VA/Henrico/9703-Laurel-Pine-Dr-23228/home/145251046,CVRMLS,2009939,N,Y,37.6433094,-77.5041135
MLS Listing,,Single Family Residential,918 Baldwin Rd,Henrico,VA,23229,599950,5,3.5,Rollingwood,3068,11761,1976,1,196,,Active,,,http://www.redfin.com/VA/Richmond/918-Baldwin-Rd-23229/home/59666612,CVRMLS,2009457,N,Y,37.5913896,-77.5472086
MLS Listing,,Single Family Residential,4707 Kensington Ave,Richmond,VA,23226,439000,3,2,Colonial Place,1460,6969,1952,1,301,,Active,,,http://www.redfin.com/VA/Richmond/4707-Kensington-Ave-23226/home/55448622,CVRMLS,2009805,N,Y,37.5697849,-77.5020788
MLS Listing,,Single Family Residential,2261 Darbytown Rd,Henrico,VA,23231,229950,3,2,,890,40075,2020,1,258,,Active,,,http://www.redfin.com/VA/Richmond/2261-Darbytown-Rd-23231/home/59692970,CVRMLS,2009576,N,Y,37.4847919,-77.363848
MLS Listing,,Single Family Residential,2731 Lansdale Rd,Richmond,VA,23225,309950,4,2.5,Stratford Hills,2123,27442,1996,1,146,,Active,,,http://www.redfin.com/VA/Richmond/2731-Lansdale-Rd-23225/home/55396059,CVRMLS,2009890,N,Y,37.5350331,-77.5435586
MLS Listing,,Single Family Residential,7213 Swanhaven Dr,Chesterfield,VA,23234,410000,5,3.5,Watermark,4250,17859,2009,1,96,45,Active,,,http://www.redfin.com/VA/North-Chesterfield/7213-Swanhaven-Dr-23234/home/59485395,CVRMLS,2008352,N,Y,37.415036,-77.50874
MLS Listing,,Townhouse,14500 Michaux Springs Pl,Midlothian,VA,23113,360537,4,3.5,Winterfield Park,2150,,2020,1,168,140,Active,,,http://www.redfin.com/VA/Midlothian/14500-Michaux-Springs-Dr-23113/home/144490981,CVRMLS,2009913,N,Y,37.5119912,-77.6655168
MLS Listing,,Condo/Co-op,6 N 6th St Unit U5D,Richmond,VA,23219,249950,2,2,,1201,1306,1914,1,208,311,Active,,,http://www.redfin.com/VA/Richmond/6-N-6th-St-23219/unit-U5D/home/55392928,CVRMLS,2009892,N,Y,37.5403599,-77.4388787
MLS Listing,,Single Family Residential,1516 N 24th St,Richmond,VA,23223,355950,3,2.5,Fairmount Park,1712,6534,1964,1,208,,Active,,,http://www.redfin.com/VA/Richmond/1516-N-24th-St-23223/home/55411541,CVRMLS,2009357,N,Y,37.5434989,-77.4092961
MLS Listing,,Single Family Residential,3108 Grayland Ave,Richmond,VA,23221,424950,4,1,Park Place,1633,6098,1948,1,260,,Active,,,http://www.redfin.com/VA/Richmond/3108-Grayland-Ave-23221/home/55444010,CVRMLS,2003908,N,Y,37.5517705,-77.4816021
MLS Listing,,Single Family Residential,1622 N 31st St,Richmond,VA,23223,124950,3,1,,744,7840,1946,1,168,,Active,,,http://www.redfin.com/VA/Richmond/1622-N-31st-St-23223/home/55411645,CVRMLS,2008591,N,Y,37.5411407,-77.401217
MLS Listing,,Single Family Residential,4461 Old Fox Trl,Midlothian,VA,23112,415000,5,2.5,Old Fox Trail,3611,,1977,1,115,40,Active,,,http://www.redfin.com/VA/Midlothian/4461-Old-Fox-Trl-23112/home/59504753,CVRMLS,2009884,N,Y,37.4273001,-77.6458941
MLS Listing,,Single Family Residential,10756 Forest Hollow Ct,Glen Allen,VA,23059,579950,4,3,Holloway At Wyndham Forest,3566,8712,2020,1,163,42,Active,,,http://www.redfin.com/VA/Three-Chopt/Forest-Hollow-Ct-23059/home/145289775,CVRMLS,2009870,N,Y,37.677641,-77.578079
MLS Listing,,Single Family Residential,16101 Maple Hall Dr,Midlothian,VA,23113,1225000,6,6.5,Founders Bridge,6581,30927,2006,1,186,120,Active,,,http://www.redfin.com/VA/Midlothian/16101-Maple-Hall-Dr-23113/home/59471597,CVRMLS,2008934,N,Y,37.5338222,-77.687746
MLS Listing,,Single Family Residential,4425 Heidi Ct,Midlothian,VA,23112,279900,4,2.5,The Forest At Carole Heights,2257,17424,2004,1,124,,Active,,,http://www.redfin.com/VA/Midlothian/4425-Heidi-Ct-23112/home/59472840,CVRMLS,2009823,N,Y,37.431315,-77.598387
MLS Listing,,Single Family Residential,2506 Grove Ave,Richmond,VA,23220,875000,5,3.5,,3773,5227,1910,1,232,,Active,,,http://www.redfin.com/VA/Richmond/2506-Grove-Ave-23220/home/55442362,CVRMLS,2009616,N,Y,37.5540468,-77.4711191
MLS Listing,,Single Family Residential,6201 Winsted Ct,Glen Allen,VA,23059,385000,4,2.5,Wexford At Wyndham,2544,15681,1992,1,151,206,Active,,,http://www.redfin.com/VA/Glen-Allen/6201-Winsted-Ct-23059/home/59611836,CVRMLS,2009847,N,Y,37.7064831,-77.6086146
MLS Listing,,Single Family Residential,7500 Springbok Rd,Chesterfield,VA,23832,189950,3,2,Deerfield Estates,1432,23086,1962,1,133,,Active,,,http://www.redfin.com/VA/Chesterfield/7500-Springbok-Rd-23832/home/59546698,CVRMLS,2008500,N,Y,37.3826537,-77.5183858
MLS Listing,,Single Family Residential,10245 Grand Hickory Dr,Mechanicsville,VA,23116,329850,4,2.5,Hickory Ridge,2350,15245,1998,1,140,13,Active,,,http://www.redfin.com/VA/Mechanicsville/10245-Grand-Hickory-Dr-23116/home/56181792,CVRMLS,2009323,N,Y,37.6790074,-77.4314927
MLS Listing,,Single Family Residential,6700 Stuart Ave,Richmond,VA,23226,495000,4,3,Westhampton Heights Annex,1800,7405,1947,1,275,,Active,,,http://www.redfin.com/VA/Richmond/6700-Stuart-Ave-23226/home/55450607,CVRMLS,2009829,N,Y,37.586128,-77.5280614
MLS Listing,,Single Family Residential,1320 1/2 N 27th St,Richmond,VA,23223,299950,3,2.5,,1586,3920,2015,1,189,,Active,,,http://www.redfin.com/VA/Richmond/1320-1-2-N-27th-St-23223/home/55410674,CVRMLS,2009844,N,Y,37.5398274,-77.408414
MLS Listing,,Single Family Residential,4400 Fieldstone Ct,Richmond,VA,23234,188000,4,3,Whale Rock,2088,12632,1979,1,90,,Active,,,http://www.redfin.com/VA/Richmond/4400-Fieldstone-Ct-23234/home/59549725,CVRMLS,2009835,N,Y,37.4543349,-77.5051253
MLS Listing,,Single Family Residential,814 Catherine St,Richmond,VA,23220,225000,3,1.5,George Washington Carver Est,1188,1742,1994,2,189,,Active,,,http://www.redfin.com/VA/Richmond/814-Catherine-St-23220/home/55417370,CVRMLS,2009768,N,Y,37.5523898,-77.4468716
MLS Listing,,Single Family Residential,1013 Ashbrook Landing Rd,Midlothian,VA,23114,299900,5,2.5,Ashbrook Landing,2156,12632,1985,2,139,,Active,,,http://www.redfin.com/VA/Midlothian/1013-Ashbrook-Landing-Rd-23114/home/59509505,CVRMLS,2009851,N,Y,37.4737062,-77.6337925
MLS Listing,,Single Family Residential,3801 Monza Dr,Richmond,VA,23234,279850,5,4.5,Meadowbrook,3892,24829,1973,2,72,,Active,,,http://www.redfin.com/VA/Richmond/3801-Monza-Dr-23234/home/59561218,CVRMLS,2009846,N,Y,37.4506333,-77.4663654
MLS Listing,,Single Family Residential,630 Coalbrook Dr,Midlothian,VA,23114,470000,5,4,The Grove,4251,10018,2004,2,111,37,Active,,,http://www.redfin.com/VA/Midlothian/630-Coalbrook-Dr-23114/home/59472467,CVRMLS,2009837,N,Y,37.4914888,-77.6503238
MLS Listing,,Single Family Residential,2013 Cleary Rd,Henrico,VA,23223,155000,3,1,Central Gardens,1066,10454,1956,2,145,,Active,,,http://www.redfin.com/VA/Richmond/2013-Cleary-Rd-23223/home/59678246,CVRMLS,2009738,N,Y,37.5557657,-77.4022148
MLS Listing,,Single Family Residential,2830 Bayfront Way,Midlothian,VA,23112,462000,4,3.5,Edgewater At The Reservoir,3398,12632,2008,2,136,33,Active,,,http://www.redfin.com/VA/Midlothian/2830-Bayfront-Way-23112/home/59480510,CVRMLS,2009638,N,Y,37.4455255,-77.6882156
MLS Listing,,Single Family Residential,2619 Gay Ave,Henrico,VA,23231,143500,3,1.5,Varina,1188,11761,1972,2,121,,Active,,,http://www.redfin.com/VA/Richmond/2619-Gay-Ave-23231/home/59686135,CVRMLS,2009633,N,Y,37.5253199,-77.3772352
MLS Listing,,Single Family Residential,1208 Nelwood Dr,Richmond,VA,23231,129000,3,1,,1260,5662,1917,2,102,,Active,,,http://www.redfin.com/VA/Richmond/1208-Nelwood-Dr-23231/home/55414260,CVRMLS,2009674,N,Y,37.5185568,-77.4019009
MLS Listing,,Single Family Residential,6116 Bradford Landing Dr,Glen Allen,VA,23059,549950,6,5,Bradford At Wyndham,3420,,1997,2,161,67,Active,,,http://www.redfin.com/VA/Glen-Allen/6116-Bradford-Landing-Dr-23059/home/59612651,CVRMLS,2007834,N,Y,37.6999497,-77.6249063
MLS Listing,,Single Family Residential,609 W Graham Rd,Richmond,VA,23222,210000,3,2,Battery Court Addition,1139,9583,1956,2,184,,Active,,,http://www.redfin.com/VA/Richmond/609-W-Graham-Rd-23222/home/55417640,CVRMLS,2009832,N,Y,37.5640785,-77.4405481
MLS Listing,,Single Family Residential,8010 Thom Rd,Henrico,VA,23229,980000,6,5.5,Westham Ridge,6116,3484,1961,2,160,4,Active,,,http://www.redfin.com/VA/Richmond/8010-Thom-Rd-23229/home/59675855,CVRMLS,2008381,N,Y,37.5697826,-77.5533556
MLS Listing,,Single Family Residential,7867 Winding Ash Ter,Chesterfield,VA,23832,239950,3,2.5,Ashbrook,1674,10454,2002,2,143,20,Active,,,http://www.redfin.com/VA/Chesterfield/7867-Winding-Ash-Ter-23832/home/59589034,CVRMLS,2009003,N,Y,37.3943617,-77.6907763
MLS Listing,,Single Family Residential,8330 Lyndale Dr,Chesterfield,VA,23235,234995,4,2.5,Bedford,1932,15681,1986,2,122,,Active,,,http://www.redfin.com/VA/Richmond/8330-Lyndale-Dr-23235/home/59537749,CVRMLS,2009826,N,Y,37.4522876,-77.5493807
MLS Listing,,Single Family Residential,1018 Pepper Ave,Henrico,VA,23226,549500,4,2.5,,2346,11761,1948,2,234,,Active,,,http://www.redfin.com/VA/Richmond/1018-Pepper-Ave-23226/home/59667687,CVRMLS,2009554,N,Y,37.5871574,-77.5189626
MLS Listing,,Townhouse,411 Harben Pl,Glen Allen,VA,23059,389000,4,3,Townes At Pouncey Place Section 1,2071,3484,2014,2,188,155,Active,,,http://www.redfin.com/VA/Glen-Allen/411-Harben-Pl-23059/home/59611078,CVRMLS,2009658,N,Y,37.6594847,-77.6087221
MLS Listing,,Townhouse,3917 Breezy Ct,Chesterfield,VA,23234,189900,3,2.5,Belfair Townhouses,1920,2178,1975,2,99,85,Active,,,http://www.redfin.com/VA/Richmond/3917-Breezy-Ct-23234/home/59547915,CVRMLS,2008483,N,Y,37.45876,-77.512866
MLS Listing,,Single Family Residential,2805 Burnlake Ct,Richmond,VA,23233,445000,4,2.5,Woodmark At Wellesley,2864,,1989,2,155,75,Active,,,http://www.redfin.com/VA/Richmond/2805-Burnlake-Ct-23233/home/59624328,CVRMLS,2009810,N,Y,37.6429527,-77.6224
MLS Listing,,Single Family Residential,3021 Scherer Dr,Chesterfield,VA,23235,325000,3,3,Oxford,2324,28314,1963,2,140,,Active,,,http://www.redfin.com/VA/Richmond/3021-Scherer-Dr-23235/home/59537242,CVRMLS,2009792,N,Y,37.53951,-77.551995
MLS Listing,,Single Family Residential,10830 Ashley Oak Ter,Chester,VA,23831,428950,4,3.5,Wellington Farms,3373,93654,2020,2,127,13,Active,,,http://www.redfin.com/VA/Chester/10830-Ashley-Oak-Ter-23831/home/59486285,CVRMLS,2009808,N,Y,37.364677,-77.463212
MLS Listing,,Single Family Residential,6108 Isleworth Dr,Glen Allen,VA,23059,449950,4,2.5,Manor Park At Wyndham,2456,10018,1993,2,183,69,Active,,,http://www.redfin.com/VA/Glen-Allen/6108-Isleworth-Dr-23059/home/59611795,CVRMLS,2009102,N,Y,37.7081614,-77.6097783
MLS Listing,,Single Family Residential,14301 Charter Landing Dr,Midlothian,VA,23114,530000,5,5.5,Haywood Village At Charter Colony,4034,15245,2007,2,131,72,Active,,,http://www.redfin.com/VA/Midlothian/14301-Charter-Landing-Dr-23114/home/59480708,CVRMLS,2009211,N,Y,37.4975025,-77.6679149
MLS Listing,,Townhouse,4830 Old Main St,Henrico,VA,23231,517000,3,3.5,Village Of Rocketts Landing,2088,,2014,2,248,190,Active,,,http://www.redfin.com/VA/Richmond/4830-Old-Main-St-23231/home/101397476,CVRMLS,2009418,N,Y,37.5166585,-77.4158458
MLS Listing,,Single Family Residential,1411 Olde Coalmine Rd,Midlothian,VA,23113,279900,4,2.5,Olde Coach Village,2132,26136,1977,2,131,,Active,,,http://www.redfin.com/VA/Midlothian/1411-Olde-Coalmine-Rd-23113/home/59511602,CVRMLS,2009744,N,Y,37.5113614,-77.6271887
MLS Listing,,Single Family Residential,6303 Galaxie Rd,Henrico,VA,23228,249900,3,2,Hermitage West,1550,6534,1952,2,161,,Active,,,http://www.redfin.com/VA/Richmond/6303-Galaxie-Rd-23228/home/59655377,CVRMLS,2009800,N,Y,37.608689,-77.484029
MLS Listing,,Single Family Residential,12337 Manor Crossing Ct,Glen Allen,VA,23059,439990,4,2.5,Short Pump Manor At Bacova,2448,,2020,2,180,175,Active,,,http://www.redfin.com/VA/Glen-Allen/12337-Manor-Crossing-Dr-23059/home/170575240,CVRMLS,2008990,N,Y,37.6643814,-77.6169115
MLS Listing,,Single Family Residential,9218 Beech Hill Ct,Chesterfield,VA,23112,338990,4,2.5,Bayhill Pointe,3010,,2020,2,113,16,Active,,,http://www.redfin.com/VA/Midlothian/9218-Beech-Hill-Dr-23112/home/169285114,CVRMLS,2008992,N,Y,37.3971872,-77.6293028
MLS Listing,,Single Family Residential,3800 Knighton Cir,Chesterfield,VA,23112,344990,4,2.5,Cambria Cove,2423,,2020,2,142,58,Active,,,http://www.redfin.com/VA/Midlothian/3800-Knighton-Cir-23112/home/162601499,CVRMLS,2008994,N,Y,37.4470165,-77.7041183
MLS Listing,,Single Family Residential,3700 Knighton Cir,Chesterfield,VA,23112,384990,6,4,Cambria Cove,3306,,2020,2,116,58,Active,,,http://www.redfin.com/VA/Midlothian/3700-Knighton-Cir-23112/home/162595117,CVRMLS,2008995,N,Y,37.4470165,-77.7041183
MLS Listing,,Single Family Residential,12321 Manor Crossing Ct,Glen Allen,VA,23059,409990,3,2.5,Short Pump Manor At Bacova,1896,,2020,2,216,175,Active,,,http://www.redfin.com/VA/Glen-Allen/12321-Manor-Crossing-Dr-23059/home/170461638,CVRMLS,2008989,N,Y,37.6643814,-77.6169115
MLS Listing,,Condo/Co-op,4520 Grove Ave Unit U3,Richmond,VA,23221,215000,1,1,Colonial Place,800,871,1960,2,269,211,Active,,,http://www.redfin.com/VA/Richmond/4520-Grove-Ave-23221/unit-U3/home/171218672,CVRMLS,2009349,N,Y,37.5654619,-77.498868
MLS Listing,,Single Family Residential,8307 Windsor Dr,Mechanicsville,VA,23111,210000,2,1,,1286,46609,2001,2,163,,Active,,,http://www.redfin.com/VA/Mechanicsville/8307-Windsor-Dr-23111/home/56211006,CVRMLS,2009354,N,Y,37.6090658,-77.3894342
MLS Listing,,Single Family Residential,2406 Ingram Ave,Richmond,VA,23224,135000,3,1,Bellemeade Addition,1067,8276,1959,3,127,,Active,,,http://www.redfin.com/VA/Richmond/2406-Ingram-Ave-23224/home/55429826,CVRMLS,2009005,N,Y,37.5041738,-77.4449858
MLS Listing,,Townhouse,3807 Belker Ct,Chesterfield,VA,23234,99999,3,1.5,Belfair Townhouses,1280,2178,1984,3,78,165,Active,,,http://www.redfin.com/VA/Richmond/3807-Belker-Ct-23234/home/59547845,CVRMLS,2007419,N,Y,37.459896,-77.514133
MLS Listing,,Condo/Co-op,337 Kernel Ct,Chesterfield,VA,23236,358499,3,2,Harvest Glen,1876,1467972,2013,3,191,280,Active,,,http://www.redfin.com/VA/Clover-Hill/Kernel-Ct-23236/home/59489200,CVRMLS,2009666,N,Y,37.478817,-77.597984
MLS Listing,,Single Family Residential,1548 Yeardley Dr,Richmond,VA,23225,274900,4,2,Westover Farms,1799,9147,1956,3,153,,Active,,,http://www.redfin.com/VA/Richmond/1548-Yeardley-Dr-23225/home/55398549,CVRMLS,2009797,N,Y,37.5254598,-77.5000751
MLS Listing,,Single Family Residential,11220 Prescott Pl,Glen Allen,VA,23059,597500,5,4.5,Kensington - Hen,4102,11325,2003,3,146,35,Active,,,http://www.redfin.com/VA/Glen-Allen/11220-Prescott-Pl-23059/home/59595733,CVRMLS,2009705,N,Y,37.6813874,-77.5961704
MLS Listing,,Single Family Residential,1617 N 19th St,Richmond,VA,23223,80000,2,1,Chelsea Place,1008,6969,1930,3,79,,Active,,,http://www.redfin.com/VA/Richmond/1617-N-19th-St-23223/home/55413418,CVRMLS,2009683,N,Y,37.5494475,-77.4113509
MLS Listing,,Condo/Co-op,448 Broad Hill Trl #43,Henrico,VA,23233,470636,3,3,Saunders Station At Broad Hill Centre,2446,,2020,3,192,191,Active,,,http://www.redfin.com/VA/Short-Pump/448-Broad-Hill-Trl-23233/unit-43/home/169896149,CVRMLS,2009782,N,Y,37.6673882,-77.6437973
MLS Listing,,Single Family Residential,4509 Cary Street Rd,Richmond,VA,23221,750000,4,3,Windsor Farms,2925,20037,1958,3,256,40,Active,,,http://www.redfin.com/VA/Richmond/4509-Cary-Street-Rd-23221/home/55451955,CVRMLS,2009777,N,Y,37.5618563,-77.5018725
MLS Listing,,Condo/Co-op,1300 Westwood Village Ln #201,Midlothian,VA,23114,255900,2,2,Westwood Village At Charter Colony,1489,10890,2015,3,172,285,Active,,,http://www.redfin.com/VA/Midlothian/1300-Westwood-Village-Ln-23114/unit-201/home/112730642,CVRMLS,2009750,N,Y,37.4921805,-77.669495
MLS Listing,,Single Family Residential,2853 Haleys Hollow Rd,Henrico,VA,23060,226900,3,2,Haleys Hollow,1198,16552,1988,3,189,,Active,,,http://www.redfin.com/VA/Glen-Allen/2853-Haleys-Hollow-Rd-23060/home/59617164,CVRMLS,2009534,N,Y,37.6710416,-77.5012275
MLS Listing,,Single Family Residential,10618 Hamlin Dr,Chester,VA,23831,249950,3,2,Glen Oaks,2058,13068,2005,3,121,,Active,,,http://www.redfin.com/VA/Chester/10618-Hamlin-Dr-23831/home/59565863,CVRMLS,2009679,N,Y,37.3752607,-77.4504992
MLS Listing,,Condo/Co-op,1101 Haxall Pt Unit U602,Richmond,VA,23219,469000,2,2,Riverside On The James,1173,1306,2005,3,400,525,Active,,,http://www.redfin.com/VA/Richmond/1101-Haxall-Pt-23219/unit-U602/home/55389310,CVRMLS,2009509,N,Y,37.5331287,-77.4366218
MLS Listing,,Single Family Residential,12737 Ellington Woods Pl,Henrico,VA,23059,859900,6,5.5,Ellington Woods At Wyndham,4017,13068,2020,3,214,69,Active,,,http://www.redfin.com/VA/Glen-Allen/12737-Ellington-Woods-Pl-23059/home/59611863,CVRMLS,2009606,N,Y,37.7045325,-77.6262498
MLS Listing,,Single Family Residential,9022 Sparrow Dr,Henrico,VA,23229,234950,3,1,Greenbriar Hills,1088,14810,1956,3,216,,Active,,,http://www.redfin.com/VA/Richmond/9022-Sparrow-Dr-23229/home/59658652,CVRMLS,2009670,N,Y,37.6002008,-77.5743227
MLS Listing,,Single Family Residential,4606 W Grace St,Richmond,VA,23230,489950,3,2.5,Monument Avenue Park,1910,7405,1951,3,257,,Active,,,http://www.redfin.com/VA/Richmond/4606-W-Grace-St-23230/home/55448271,CVRMLS,2007604,N,Y,37.5748868,-77.4927146
MLS Listing,,Single Family Residential,2104 Spider Dr,Henrico,VA,23228,259950,3,2,Valentine Hills,1708,12196,1962,3,152,,Active,,,http://www.redfin.com/VA/Richmond/2104-Spider-Dr-23228/home/59637189,CVRMLS,2009446,N,Y,37.633956,-77.4817365
MLS Listing,,Single Family Residential,9338 Gerljean Dr,Mechanicsville,VA,23116,299999,4,2.5,BEECHWOOD FARMS,2188,18731,1972,3,137,,Active,,,http://www.redfin.com/VA/Mechanicsville/9338-Gerljean-Dr-23116/home/56182227,BRIGHT MLS,VAHA100928,N,Y,37.6758559,-77.4276814
MLS Listing,,Single Family Residential,3812 Dover Rd,Richmond,VA,23221,1695000,4,4.5,Windsor Farms,5850,15245,1942,3,290,40,Active,,,http://www.redfin.com/VA/Richmond/3812-Dover-Rd-23221/home/55452286,CVRMLS,2009671,N,Y,37.5550016,-77.4933867
MLS Listing,,Townhouse,1412 Avondale Woods Dr Unit 39-2,North Chesterfield,VA,23235,274950,3,3,The Townes At Notting Place,1631,,2020,3,169,144,Active,,,http://www.redfin.com/VA/North-Chesterfield/1412-Avondale-Woods-DR-23235/unit-39-2/home/171205281,CVRMLS,2009774,N,Y,37.463167,-77.532948
MLS Listing,,Condo/Co-op,5204 Terrace Arbor Cir,Chesterfield,VA,23112,295000,3,2.5,Terraces At Swift Creek,2208,1085515,2005,3,134,286,Active,,,http://www.redfin.com/VA/Midlothian/5204-Terrace-Arbor-Cir-23112/home/59478925,CVRMLS,2009767,N,Y,37.416174,-77.633133
MLS Listing,,Single Family Residential,15604 Cedarville Dr,Midlothian,VA,23112,464900,4,2.5,Midlothian,2728,8166,2020,3,170,75,Active,,,http://www.redfin.com/VA/Midlothian/15604-Cedarville-DR-Unknown/home/171204892,BRIGHT MLS,VACF100524,N,Y,37.46057901,-77.69956841
MLS Listing,,Single Family Residential,4023 Poplar Grove Rd,Midlothian,VA,23112,235000,4,2.5,Poplar Grove,2096,17859,1977,3,112,57,Active,,,http://www.redfin.com/VA/Midlothian/4023-Poplar-Grove-Rd-23112/home/59506460,CVRMLS,2009758,N,Y,37.4329655,-77.6439252
MLS Listing,,Single Family Residential,9721 Taylors Crossing Ct,Henrico,VA,23059,269999,4,2.5,Stonewall Glen,1902,14374,1998,3,142,8,Active,,,http://www.redfin.com/VA/Glen-Allen/9721-Taylors-Crossing-Ct-23059/home/59618405,CVRMLS,2009445,N,Y,37.6643644,-77.455071
MLS Listing,,Single Family Residential,1205 N 32nd St,Richmond,VA,23223,329950,3,2.5,,1664,2613,2020,3,198,,Active,,,http://www.redfin.com/VA/Richmond/1205-N-32nd-St-23223/home/55411709,CVRMLS,2009765,N,Y,37.535637,-77.404522
MLS Listing,,Single Family Residential,15416 Cedarville Dr,Midlothian,VA,23112,429900,3,2.5,Midlothian,2000,6862,2020,3,215,75,Active,,,http://www.redfin.com/VA/Midlothian/15416-Cedarville-DR-Unknown/home/171204226,BRIGHT MLS,VACF100522,N,Y,37.46033658,-77.70141688
MLS Listing,,Single Family Residential,881 Kempston Ln,Goochland,VA,23103,742005,3,2.5,Kinloch,3185,18295,2020,3,233,270,Active,,,http://www.redfin.com/VA/Manakin-Sabot/881-Kempston-Ln-23103/home/167743377,CVRMLS,2009761,N,Y,37.6398063,-77.6987212
MLS Listing,,Single Family Residential,9239 Old Ivy Trce,Mechanicsville,VA,23116,424900,5,3.5,Kings Charter,3071,17859,1990,3,138,72,Active,,,http://www.redfin.com/VA/Mechanicsville/9239-Old-Ivy-Trce-23116/home/56182386,CVRMLS,2009246,N,Y,37.6788066,-77.4209122
MLS Listing,,Single Family Residential,6312 Oakland Chase Pl,Henrico,VA,23231,380000,5,3.5,Oakland Chase,4062,20037,2004,3,94,13,Active,,,http://www.redfin.com/VA/Richmond/6312-Oakland-Chase-Pl-23231/home/59600940,CVRMLS,2009759,N,Y,37.4925799,-77.3865191
MLS Listing,,Single Family Residential,8707 Playground Ct,North Chesterfield,VA,23237,219900,3,2,The Park,1528,9147,1990,3,144,,Active,,,http://www.redfin.com/VA/Richmond/8707-Playground-Ct-23237/home/59550632,CVRMLS,2009757,N,Y,37.3964336,-77.4989425
MLS Listing,,Single Family Residential,6237 Isleworth Dr,Glen Allen,VA,23059,440000,4,2.5,Wexford At Wyndham,2619,11761,1992,3,168,69,Active,,,http://www.redfin.com/VA/Glen-Allen/6237-Isleworth-Dr-23059/home/59612060,CVRMLS,2009688,N,Y,37.7072945,-77.6062422
MLS Listing,,Single Family Residential,3221 Marlboro Ct,Richmond,VA,23225,449950,4,3,Toddsbury,3408,53578,1974,3,132,,Active,,,http://www.redfin.com/VA/Richmond/3221-Marlboro-Ct-23225/home/55396304,CVRMLS,2009151,N,Y,37.5430784,-77.5114645
MLS Listing,,Single Family Residential,8905 Milbrae Pl,North Chesterfield,VA,23236,265000,4,2,Scottingham,2128,26571,1975,3,125,,Active,,,http://www.redfin.com/VA/Richmond/8905-Milbrae-Pl-23236/home/59532447,CVRMLS,2009686,N,Y,37.4887815,-77.5652432
MLS Listing,,Single Family Residential,2609 Cedarville Mews,Midlothian,VA,23112,429900,4,2,Midlothian,1888,14685,2020,3,228,75,Active,,,http://www.redfin.com/VA/Midlothian/2609-Cedarville-MEWS-Unknown/home/171102283,BRIGHT MLS,VACF100520,N,Y,37.46208927,-77.69847268
MLS Listing,,Single Family Residential,5000 Hearthstone Ct,Henrico,VA,23059,525000,5,3.5,Hearthstone At Twin Hickory,3574,11761,2000,3,147,73,Active,,,http://www.redfin.com/VA/Glen-Allen/5000-Hearthstone-Ct-23059/home/59594974,CVRMLS,2009749,N,Y,37.6696265,-77.598722
MLS Listing,,Single Family Residential,1310 Condover Rd,Henrico,VA,23229,229000,3,2,Farmington,1008,11325,1990,3,227,,Active,,,http://www.redfin.com/VA/Richmond/1310-Condover-Rd-23229/home/59659124,CVRMLS,2007887,N,Y,37.6035184,-77.576222
MLS Listing,,Vacant Land,2820 Hey Rd,Richmond,VA,23224,125000,,,Fawnbrook,,102801,,3,,,Active,,,http://www.redfin.com/VA/Richmond/2820-Hey-Rd-23224/home/55405443,CVRMLS,2009704,N,Y,37.4732271,-77.5042965
MLS Listing,,Single Family Residential,15600 Cedarville Dr,Midlothian,VA,23112,419900,4,2,Midlothian,1888,7965,2020,3,222,75,Active,,,http://www.redfin.com/VA/Midlothian/15600-Cedarville-DR-Unknown/home/171203486,BRIGHT MLS,VACF100518,N,Y,37.46203459,-77.69815409
MLS Listing,,Condo/Co-op,503 N Hamilton St Unit UD,Richmond,VA,23221,229950,2,1.5,Mount Vernon Condominiums,828,370260,1962,3,278,247,Active,,,http://www.redfin.com/VA/Richmond/503-N-Hamilton-St-23221/unit-UD/home/55446025,CVRMLS,2007751,N,Y,37.5627262,-77.487041
MLS Listing,,Single Family Residential,4118 Caddington Dr,Midlothian,VA,23113,754900,4,3.5,Tarrington,3861,17859,2020,3,196,79,Active,,,http://www.redfin.com/VA/Midlothian/4118-Caddington-Dr-23113/home/59481675,CVRMLS,2009694,N,Y,37.55201,-77.632863
MLS Listing,,Single Family Residential,114 N Nansemond St,Richmond,VA,23221,399900,3,1.5,,1504,3049,1925,3,266,,Active,,,http://www.redfin.com/VA/Richmond/114-N-Nansemond-St-23221/home/55445689,CVRMLS,2009726,N,Y,37.5580779,-77.4852079
MLS Listing,,Single Family Residential,4603 H Whiting Cir,Richmond,VA,23231,199900,3,2,Fulton Manor,1449,6969,1983,3,138,,Active,,,http://www.redfin.com/VA/Richmond/4603-H-Whiting-Cir-23231/home/55414299,CVRMLS,2008306,N,Y,37.5194046,-77.403773
MLS Listing,,Single Family Residential,9702 University Blvd,Henrico,VA,23229,369950,3,2.5,Glen Ridge,2056,16988,1959,3,180,,Active,,,http://www.redfin.com/VA/Richmond/9702-University-Blvd-23229/home/59665417,CVRMLS,2009742,N,Y,37.5927126,-77.5613374
MLS Listing,,Single Family Residential,2604 Cedarville Mews,Midlothian,VA,23112,409900,3,2,Midlothian,1704,10938,2020,3,241,75,Active,,,http://www.redfin.com/VA/Midlothian/2604-Cedarville-MEWS-Unknown/home/171032301,BRIGHT MLS,VACF100516,N,Y,37.46333954,-77.69808971
MLS Listing,,Townhouse,3509 Bartley Pond Ct,Henrico,VA,23233,299000,4,4,Bartley Pond,2075,3049,2004,3,144,186,Active,,,http://www.redfin.com/VA/Richmond/3509-Bartley-Pond-Ct-23233/home/59593294,CVRMLS,2009339,N,Y,37.637,-77.563664
MLS Listing,,Single Family Residential,13311 Hollyhock Pl,Henrico,VA,23233,550000,5,4,Kensington Green At Wellesley,3236,14810,1991,3,170,80,Active,,,http://www.redfin.com/VA/Richmond/13311-Hollyhock-Pl-23233/home/59624783,CVRMLS,2008333,N,Y,37.649334,-77.6312165
MLS Listing,,Single Family Residential,15608 Cedarville Dr,Midlothian,VA,23112,399900,3,2,Midlothian,1704,7483,2020,3,235,75,Active,,,http://www.redfin.com/VA/Midlothian/15608-Cedarville-DR-23112/home/170684685,BRIGHT MLS,VACF100514,N,Y,37.4640351,-77.6969352
MLS Listing,,Single Family Residential,6508 Hanover Ave,Richmond,VA,23226,359950,4,1.5,Westhampton Heights Annex,1443,7405,1950,3,249,,Active,,,http://www.redfin.com/VA/Richmond/6508-Hanover-Ave-23226/home/55450968,CVRMLS,2009627,N,Y,37.5838881,-77.5267512
MLS Listing,,Townhouse,10624 Marions Pl,Glen Allen,VA,23060,299990,3,3.5,Townes At Woodman,1914,2178,2016,3,157,101,Active,,,http://www.redfin.com/VA/Glen-Allen/10624-Marions-Pl-23060/home/110308239,CVRMLS,2009661,N,Y,37.6621961,-77.4896715
MLS Listing,,Single Family Residential,302 Lakewood Dr,Henrico,VA,23229,949900,4,3.5,Westham,3605,14810,1952,3,263,,Active,,,http://www.redfin.com/VA/Richmond/302-Lakewood-Dr-23229/home/59671923,CVRMLS,2009470,N,Y,37.5804407,-77.5522738
MLS Listing,,Condo/Co-op,9109 Derbyshire Rd Unit I,Henrico,VA,23229,205000,2,1.5,Deerwood Condo,1000,871,1964,3,205,273,Active,,,http://www.redfin.com/VA/Henrico/9109-Derbyshire-Rd-23229/unit-I/home/59666106,CVRMLS,2008244,N,Y,37.587669,-77.584031
MLS Listing,,Single Family Residential,8503 Steeplebush Pl,Mechanicsville,VA,23116,379950,4,3.5,Atlee Springs,2561,27878,2001,3,148,13,Active,,,http://www.redfin.com/VA/Mechanicsville/8503-Steeplebush-Pl-23116/home/56194605,CVRMLS,2009651,N,Y,37.6456941,-77.3871021
MLS Listing,,Single Family Residential,12804 Craystone Cir,Midlothian,VA,23113,540000,4,2.5,Roxshire,3578,27007,1993,3,151,,Active,,,http://www.redfin.com/VA/Midlothian/12804-Craystone-Cir-23113/home/59507901,CVRMLS,2009149,N,Y,37.5232396,-77.6383466
MLS Listing,,Single Family Residential,3822 Timber Ridge Rd,Midlothian,VA,23112,365000,3,3,Timber Ridge,2711,,1977,3,135,51,Active,,,http://www.redfin.com/VA/Midlothian/3822-Timber-Ridge-Rd-23112/home/59588888,CVRMLS,2009590,N,Y,37.4335115,-77.6533664
MLS Listing,,Single Family Residential,2002 Barton Ave,Richmond,VA,23222,284950,3,2.5,,1690,2613,2019,3,169,,Active,,,http://www.redfin.com/VA/Richmond/2002-Barton-Ave-23222/home/171202109,CVRMLS,2009444,N,Y,37.5603946,-77.4325827
MLS Listing,,Single Family Residential,2004 Barton Ave,Richmond,VA,23222,284950,3,2.5,,1690,,2019,3,169,,Active,,,http://www.redfin.com/VA/Richmond/2004-Barton-Ave-23222/home/171202090,CVRMLS,2009456,N,Y,37.5604753,-77.4325786
MLS Listing,,Single Family Residential,2406 Mountainbrook Dr,Henrico,VA,23233,305700,3,1.5,Crown Grant,1596,9147,1978,4,192,4,Active,,,http://www.redfin.com/VA/Richmond/2406-Mountainbrook-Dr-23233/home/59640738,CVRMLS,2007568,N,Y,37.6290455,-77.6065721
MLS Listing,,Single Family Residential,8421 Eden St,Henrico,VA,23228,489950,4,3.5,Rocky Branch Farm,2868,11761,2016,4,171,,Active,,,http://www.redfin.com/VA/Henrico/8421-Eden-St-23228/home/108247764,CVRMLS,2009371,N,Y,37.6345861,-77.4919005
MLS Listing,,Single Family Residential,10512 Creston Rd,Glen Allen,VA,23060,399950,4,4,Laurel Glen,3406,35283,1962,4,117,,Active,,,http://www.redfin.com/VA/Glen-Allen/10512-Creston-Rd-23060/home/59616944,CVRMLS,2009372,N,Y,37.6618261,-77.518341
MLS Listing,,Single Family Residential,7627 Cherokee Rd,Richmond,VA,23225,324950,3,2,Stratford Hills,2304,27007,1985,4,141,,Active,,,http://www.redfin.com/VA/Richmond/7627-Cherokee-Rd-23225/home/55396464,CVRMLS,2009565,N,Y,37.5482664,-77.5318633
MLS Listing,,Single Family Residential,11017 Ellis Meadows Ln,Henrico,VA,23059,639000,6,5.5,Shady Grove Meadows,4687,23086,2007,4,136,,Active,,,http://www.redfin.com/VA/Glen-Allen/11017-Ellis-Meadows-Ln-23059/home/59603600,CVRMLS,2005848,N,Y,37.6769099,-77.6040937
MLS Listing,,Condo/Co-op,210 Rocketts Way #407,Henrico,VA,23231,239000,1,1,Village Of Rocketts Landing,1014,871,2008,4,236,356,Active,,,http://www.redfin.com/VA/Henrico/210-Rocketts-Way-23231/unit-407/home/59608752,CVRMLS,2009285,N,Y,37.51666,-77.4148889
MLS Listing,,Single Family Residential,4160 Laurel Oak Rd,North Chesterfield,VA,23237,155000,3,1,Oakmont,954,11325,1980,4,162,,Active,,,http://www.redfin.com/VA/Richmond/4160-Laurel-Oak-Rd-23237/home/59563019,CVRMLS,2009622,N,Y,37.3973495,-77.4618884
MLS Listing,,Single Family Residential,7808 Biscayne Rd,Henrico,VA,23294,259950,3,2,Williamsburg Park,1494,11325,1967,4,174,,Active,,,http://www.redfin.com/VA/Richmond/7808-Biscayne-Rd-23294/home/59643811,CVRMLS,2009560,N,Y,37.6198842,-77.5315011
MLS Listing,,Condo/Co-op,0 Hallowell Rdg #915,Moseley,VA,23120,294490,2,2,Greenwich Walk At Foxcreek,1564,,2020,4,188,299,Active,,,http://www.redfin.com/VA/Moseley/Hallowell-RDG-23120/unit-915/home/171200369,CVRMLS,2009647,N,Y,37.4153723,-77.7058813
MLS Listing,,Single Family Residential,4807 Wind Grove Ct,North Chesterfield,VA,23236,243000,4,2.5,Chatham Grove,2020,16117,1984,4,120,,Active,,,http://www.redfin.com/VA/Richmond/4807-Wind-Grove-Ct-23236/home/59533639,CVRMLS,2008812,N,Y,37.43701,-77.5597331
MLS Listing,,Single Family Residential,3 Carterham Ct,Henrico,VA,23229,875000,4,3.5,,3700,24829,1987,4,236,,Active,,,http://www.redfin.com/VA/Richmond/3-Carterham-Ct-23229/home/59670481,CVRMLS,2009659,N,Y,37.5799605,-77.590888
MLS Listing,,Single Family Residential,2108 Wedgewood Ave,Henrico,VA,23228,185000,3,2,Bryan Parkway,1733,6534,1946,4,107,,Active,,,http://www.redfin.com/VA/Richmond/2108-Wedgewood-Ave-23228/home/59662609,CVRMLS,2009584,N,Y,37.6000195,-77.4680964
MLS Listing,,Single Family Residential,3200 Fox Chase Rd,Midlothian,VA,23112,274950,4,2.5,Fox Chase,1904,15681,1977,4,144,52,Active,,,http://www.redfin.com/VA/Midlothian/3200-Fox-Chase-Rd-23112/home/59503925,CVRMLS,2009650,N,Y,37.4457049,-77.649783
MLS Listing,,Townhouse,1721 Early Settlers Rd,Chesterfield,VA,23235,165000,3,2.5,Heritage Village,1394,2613,1984,4,118,183,Active,,,http://www.redfin.com/VA/Richmond/1721-Early-Settlers-Rd-23235/home/59524172,CVRMLS,2009498,N,Y,37.513424,-77.590712
MLS Listing,,Single Family Residential,6603 Park Ave,Henrico,VA,23226,385000,3,2,Monument Hills,1520,8712,1952,4,253,,Active,,,http://www.redfin.com/VA/Richmond/6603-Park-Ave-23226/home/59668221,CVRMLS,2009600,N,Y,37.5894938,-77.5245268
MLS Listing,,Single Family Residential,7416 Edgewood Ave,Henrico,VA,23227,235000,4,2,Stuart Ridge Addition,1481,7840,1965,4,159,,Active,,,http://www.redfin.com/VA/Richmond/7416-Edgewood-Ave-23227/home/59646342,CVRMLS,2009145,N,Y,37.6254178,-77.4499165
MLS Listing,,Single Family Residential,7298 Red Cloud Ct,Mechanicsville,VA,23111,319950,4,2.5,Travellers Run,2350,15245,1994,4,136,13,Active,,,http://www.redfin.com/VA/Mechanicsville/7298-Red-Cloud-Ct-23111/home/56201784,CVRMLS,2009623,N,Y,37.6046634,-77.3264993
MLS Listing,,Townhouse,417 Siena Ln #417,Glen Allen,VA,23059,369950,3,3.5,The Villas At Hunton Park,3048,3049,2013,4,121,215,Active,,,http://www.redfin.com/VA/Glen-Allen/417-Siena-Ln-23059/unit-417/home/59875420,CVRMLS,2009626,N,Y,37.6840506,-77.536138
MLS Listing,,Single Family Residential,10207 Battenburg Pl,Richmond,VA,23236,185000,3,1.5,HEATHERIDGE,1210,,1984,4,153,,Active,,,http://www.redfin.com/VA/Richmond/10207-Battenburg-Pl-23236/home/59523309,BRIGHT MLS,VACF100510,N,Y,37.4817027,-77.5912909
MLS Listing,,Single Family Residential,2130 & 2132 Francis Rd,Glen Allen,VA,23060,299500,3,1.5,,1630,83635,1937,4,184,,Active,,,http://www.redfin.com/VA/Glen-Allen/2132-Francis-Rd-23060/home/59622861,CVRMLS,2009489,N,Y,37.6600895,-77.4781068
MLS Listing,,Single Family Residential,9094 Sutlers Ln,Mechanicsville,VA,23116,427500,5,2.5,The Bluffs At Bell Creek,3274,10890,2007,4,131,62,Active,,,http://www.redfin.com/VA/Mechanicsville/9094-Sutlers-Ln-23116/home/56171939,CVRMLS,2009447,N,Y,37.6490236,-77.34911
MLS Listing,,Condo/Co-op,2606 Park Ave Unit U1,Richmond,VA,23220,205000,2,1,,846,10454,1947,4,242,390,Active,,,http://www.redfin.com/VA/Richmond/2606-Park-Ave-23220/unit-U1/home/171199459,CVRMLS,2008030,N,Y,37.558616,-77.4698607
MLS Listing,,Single Family Residential,1418 Northbury Ave,Henrico,VA,23231,124900,3,1.5,Oakland Acres,1300,14374,1973,4,96,,Active,,,http://www.redfin.com/VA/Richmond/1418-Northbury-Ave-23231/home/59692776,CVRMLS,2008162,N,Y,37.4930167,-77.3920801
MLS Listing,,Single Family Residential,8809 Sierra Rd,Henrico,VA,23229,565000,3,3,Sleepy Hollow,2745,29620,1957,4,206,,Active,,,http://www.redfin.com/VA/Richmond/8809-Sierra-Rd-23229/home/56532934,CVRMLS,2008604,N,Y,37.5750703,-77.5819396
MLS Listing,,Single Family Residential,13136 Buffalo Springs Ct,Chesterfield,VA,23112,357390,4,3.5,Bayhill Pointe,2822,,2020,4,127,16,Active,,,http://www.redfin.com/VA/Midlothian/13136-Buffalo-Springs-Dr-23112/home/171199448,CVRMLS,2009613,N,Y,37.395982,-77.6305279
MLS Listing,,Single Family Residential,2307 Wing Haven Pl,Midlothian,VA,23112,499990,5,4.5,The Sanctuary At Watermill,3756,13068,2007,4,133,65,Active,,,http://www.redfin.com/VA/Midlothian/2307-Wing-Haven-Pl-23112/home/59480300,CVRMLS,2007461,N,Y,37.4525405,-77.6834382
MLS Listing,,Single Family Residential,7707 Bold Forbes Ln,Midlothian,VA,23112,229950,3,2.5,Deer Run,1820,19602,1993,4,126,,Active,,,http://www.redfin.com/VA/Midlothian/7707-Bold-Forbes-Ln-23112/home/59504384,CVRMLS,2007460,N,Y,37.3927429,-77.6465317
MLS Listing,,Single Family Residential,1027 Decatur St,Richmond,VA,23224,240000,3,2.5,,1790,1742,1915,4,134,,Active,,,http://www.redfin.com/VA/Richmond/1027-Decatur-St-23224/home/55428004,CVRMLS,2008438,N,Y,37.5208323,-77.4425092
MLS Listing,,Single Family Residential,323 Sandston Ave,Sandston,VA,23150,165000,3,1.5,Lee Park,1523,13939,1959,4,108,,Active,,,http://www.redfin.com/VA/Sandston/323-Sandston-Ave-23150/home/59690843,CVRMLS,2009550,N,Y,37.5144797,-77.3014689
MLS Listing,,Townhouse,2523 Perch Ln,Glen Allen,VA,23060,419950,3,3.5,West Broad Village,2178,871,2012,4,193,215,Active,,,http://www.redfin.com/VA/Glen-Allen/2523-Perch-Ln-23060/home/59610209,CVRMLS,2009352,N,Y,37.6478259,-77.6055157
MLS Listing,,Single Family Residential,5242 Dermotte Ln,North Chesterfield,VA,23237,234950,4,2.5,Kendale Acres,2052,12196,1976,4,114,,Active,,,http://www.redfin.com/VA/Richmond/5242-Dermotte-Ln-23237/home/59560630,CVRMLS,2009547,N,Y,37.3930877,-77.4684718
MLS Listing,,Townhouse,3817 Barn Owl Ln,Glen Allen,VA,23060,578500,4,4,West Broad Village,3462,1306,2010,5,167,215,Active,,,http://www.redfin.com/VA/Glen-Allen/3817-Barn-Owl-Ln-23060/home/59608090,CVRMLS,2008580,N,Y,37.6463058,-77.6015422
MLS Listing,,Townhouse,324 Geese Lndg,Glen Allen,VA,23060,455000,3,3,West Broad Village,2892,1742,2010,5,157,215,Active,,,http://www.redfin.com/VA/Glen-Allen/324-Geese-Lndg-23060/home/59609175,CVRMLS,2009382,N,Y,37.645235,-77.598675
MLS Listing,,Single Family Residential,1201 Townley Rd,Henrico,VA,23229,215000,3,1.5,Ridgecrest,1125,12632,1955,5,191,,Active,,,http://www.redfin.com/VA/Richmond/1201-Townley-Rd-23229/home/59658547,CVRMLS,2007475,N,Y,37.5972152,-77.5673128
MLS Listing,,Single Family Residential,1314 Camden Dr,Richmond,VA,23229,290000,4,1.5,Ridgeway Farms,1260,10454,1954,5,230,,Active,,,http://www.redfin.com/VA/Richmond/1314-Camden-Dr-23229/home/59659259,CVRMLS,2009525,N,Y,37.5987947,-77.5564227
MLS Listing,,Single Family Residential,8913 Sierra Rd,Richmond,VA,23229,620000,4,3,Sleepy Hollow,3588,27442,1957,5,173,,Active,,,http://www.redfin.com/VA/Richmond/8913-Sierra-Rd-23229/home/59670685,CVRMLS,2009520,N,Y,37.5759923,-77.5855605
MLS Listing,,Single Family Residential,4042 Waterswatch Dr,Midlothian,VA,23113,489900,5,3.5,Riverton,3417,20037,1999,5,143,8,Active,,,http://www.redfin.com/VA/Midlothian/4042-Waterswatch-Dr-23113/home/59584891,CVRMLS,2009273,N,Y,37.5552241,-77.643254
MLS Listing,,Single Family Residential,1524 Lundy Ter,Midlothian,VA,23114,425000,5,4.5,Mallory Village @ Charter Colony,3865,13939,2005,5,110,70,Active,,,http://www.redfin.com/VA/Midlothian/1524-Lundy-Ter-23114/home/59474441,CVRMLS,2009454,N,Y,37.4825996,-77.670317
MLS Listing,,Vacant Land,910 N 25th St,Henrico,VA,23223,125000,,,Chimborazo,,4356,,5,,,Active,,,http://www.redfin.com/VA/Richmond/910-N-25th-St-23223/home/55409185,CVRMLS,2009518,N,Y,37.5373019,-77.413645
MLS Listing,,Single Family Residential,1617 N 23rd St,Richmond,VA,23223,55700,3,1,Peter Paul Tract,717,3920,1940,5,78,,Active,,,http://www.redfin.com/VA/Richmond/1617-N-23rd-St-23223/home/55412319,CVRMLS,2009516,N,Y,37.544509,-77.408969
MLS Listing,,Condo/Co-op,7302 Hancock Towns Ln Unit A-5,Chesterfield,VA,23832,237890,2,2.5,Hancock Village,1509,,2020,5,158,105,Active,,,http://www.redfin.com/VA/Chesterfield/7302-Hancock-Towns-LN-23832/unit-A-5/home/171195359,CVRMLS,2009515,N,Y,37.3770935,-77.5049863
MLS Listing,,Single Family Residential,6104 Bremo Rd,Henrico,VA,23226,349950,3,1.5,Westview Manor,1417,9583,1946,5,247,,Active,,,http://www.redfin.com/VA/Richmond/6104-Bremo-Rd-23226/home/59672733,CVRMLS,2008010,N,Y,37.5835447,-77.5178856
MLS Listing,,Single Family Residential,3910 Ellwood Ave,Richmond,VA,23221,320000,2,1,Henry Place,988,5662,1939,5,324,,Active,,,http://www.redfin.com/VA/Richmond/3910-Ellwood-Ave-23221/home/55446378,CVRMLS,2009386,N,Y,37.5591801,-77.4922217
MLS Listing,,Single Family Residential,13411 Queensgate Rd,Midlothian,VA,23114,356000,4,2.5,Queensmill,2494,38332,1980,5,143,4,Active,,,http://www.redfin.com/VA/Midlothian/13411-Queensgate-Rd-23114/home/59505571,CVRMLS,2009476,N,Y,37.481011,-77.6459388
MLS Listing,,Single Family Residential,3700 Blue Lake Dr,Henrico,VA,23233,624950,5,4,Shelbourne At Wellesley,4354,18295,1995,5,144,80,Active,,,http://www.redfin.com/VA/Richmond/3700-Blue-Lake-Dr-23233/home/59624252,CVRMLS,2008705,N,Y,37.6480388,-77.6367655
MLS Listing,,Single Family Residential,2300 Redwood Ave,Richmond,VA,23223,104950,3,1,Eastview,1007,6969,1955,5,104,,Active,,,http://www.redfin.com/VA/Richmond/2300-Redwood-Ave-23223/home/55415789,CVRMLS,2008714,N,Y,37.5519752,-77.4168322
MLS Listing,,Townhouse,3004 N Battlebridge Dr,North Chesterfield,VA,23224,150000,4,2.5,Newberry Towne,2268,,1972,5,66,180,Active,,,http://www.redfin.com/VA/Richmond/3004-N-Battlebridge-Dr-23224/home/59549382,CVRMLS,2009486,N,Y,37.466265,-77.5085859
MLS Listing,,Single Family Residential,3409 Hazelhurst Ave,Richmond,VA,23222,199900,3,1,Edgewood,1776,4791,1946,5,113,,Active,,,http://www.redfin.com/VA/Richmond/3409-Hazelhurst-Ave-23222/home/55426385,CVRMLS,2009279,N,Y,37.5809727,-77.4318401
MLS Listing,,Single Family Residential,3825 W Hundred Rd,Chester,VA,23831,269000,3,1,Oakland,1200,17424,1955,5,224,,Active,,,http://www.redfin.com/VA/Chester/3825-W-Hundred-Rd-23831/home/59570330,CVRMLS,2009406,N,Y,37.358533,-77.439174
MLS Listing,,Single Family Residential,12100 Turning Branch Cir,Glen Allen,VA,23059,479950,4,2.5,Hickory Woods At Twin Hickory,2976,9147,2004,5,161,73,Active,,,http://www.redfin.com/VA/Glen-Allen/12100-Turning-Branch-Cir-23059/home/59591651,CVRMLS,2008917,N,Y,37.6647868,-77.6101812
MLS Listing,,Townhouse,4200 Lind Ln,Midlothian,VA,23112,297450,4,3.5,Wescott,2351,,2020,5,127,150,Active,,,http://www.redfin.com/VA/Midlothian/4830-Market-Square-Ln-23112/unit-9/home/170116389,CVRMLS,2009448,N,Y,37.4235963,-77.6376533
MLS Listing,,Single Family Residential,13519 Winning Colors Ln,Midlothian,VA,23112,264950,4,2.5,Deer Run,1876,14374,1992,5,141,,Active,,,http://www.redfin.com/VA/Midlothian/13519-Winning-Colors-Ln-23112/home/59504313,CVRMLS,2009255,N,Y,37.3942421,-77.6463303
MLS Listing,,Townhouse,4208 Lind Ln,Midlothian,VA,23112,262950,3,2.5,Wescott,1962,,2020,5,134,150,Active,,,http://www.redfin.com/VA/Midlothian/4208-Lind-LN-23112/home/171193892,CVRMLS,2009428,N,Y,37.4470062,-77.665066
MLS Listing,,Condo/Co-op,405 Ashford Hill Loop Unit 16-1,Chesterfield,VA,23236,437590,3,3,Villas At Ashford Hill,2094,,2020,5,209,190,Active,,,http://www.redfin.com/VA/North-Chesterfield/405-Village-Garden-Cir-23236/unit-16-1/home/169521825,CVRMLS,2009187,N,Y,37.4937367,-77.6044206
MLS Listing,,Single Family Residential,8280 Hanover Grove Blvd,Hanover,VA,23111,315000,4,2.5,Hanover Grove,2759,20908,1991,5,114,10,Active,,,http://www.redfin.com/VA/Mechanicsville/8280-Hanover-Grove-Blvd-23111/home/56198847,CVRMLS,2009157,N,Y,37.6303153,-77.3502757
MLS Listing,,Single Family Residential,2105 Cool Brook Dr,Henrico,VA,23229,250000,3,2,Roxbury,1648,13068,1960,5,152,,Active,,,http://www.redfin.com/VA/Richmond/2105-Cool-Brook-Dr-23229/home/59641929,CVRMLS,2007583,N,Y,37.6229129,-77.5718153
MLS Listing,,Condo/Co-op,258 Pumpkin Pl,North Chesterfield,VA,23236,270000,2,2,Harvest Glen,1461,1465794,2007,5,185,241,Active,,,http://www.redfin.com/VA/Richmond/258-Pumpkin-Pl-23236/home/59482044,CVRMLS,2007935,N,Y,37.477289,-77.60053
MLS Listing,,Single Family Residential,5949 Autumnleaf Dr,North Chesterfield,VA,23234,304950,4,2.5,Autumn Grove Section B,2282,16988,2019,5,134,,Active,,,http://www.redfin.com/VA/Richmond/5949-Autumnleaf-Dr-23234/home/144491680,CVRMLS,2009397,N,Y,37.423352,-77.49488
MLS Listing,,Single Family Residential,913 Kingham Dr,Midlothian,VA,23114,495000,5,4.5,The Grove,3825,13503,2002,5,129,37,Active,,,http://www.redfin.com/VA/Midlothian/913-Kingham-Dr-23114/home/59588830,CVRMLS,2009390,N,Y,37.4886985,-77.6468337
MLS Listing,,Single Family Residential,10837 Kilpatrick Ln,Glen Allen,VA,23059,419950,4,2.5,Magnolia Ridge,3397,16552,2001,5,124,42,Active,,,http://www.redfin.com/VA/Glen-Allen/10837-Kilpatrick-Ln-23059/home/59598115,CVRMLS,2009391,N,Y,37.6731642,-77.4741184
MLS Listing,,Single Family Residential,100 Penshurst Rd,Richmond,VA,23221,1120000,3,4,Windsor Farms,3507,26136,1948,6,319,40,Active,,,http://www.redfin.com/VA/Richmond/100-Penshurst-Rd-23221/home/55452139,CVRMLS,2009359,N,Y,37.5582587,-77.497296
MLS Listing,,Single Family Residential,5207 Devonshire Rd,Richmond,VA,23225,545000,4,2.5,Westover Hills,2220,13068,1949,6,245,,Active,,,http://www.redfin.com/VA/Richmond/5207-Devonshire-Rd-23225/home/55433513,CVRMLS,2008537,N,Y,37.5250516,-77.4931627
MLS Listing,,Single Family Residential,5014 Vayo Ave,Chesterfield,VA,23234,164950,3,1.5,Falling Creek Hills,984,12196,1950,6,168,,Active,,,http://www.redfin.com/VA/Richmond/5014-Vayo-Ave-23234/home/59567257,CVRMLS,2009388,N,Y,37.4550089,-77.448258
MLS Listing,,Single Family Residential,321 Chipper Way,Henrico,VA,23075,244500,3,2.5,Taylors Wood,1485,10018,1988,6,165,,Active,,,http://www.redfin.com/VA/Highland-Springs/321-Chipper-Way-23075/home/59684140,CVRMLS,2009387,N,Y,37.5445904,-77.3055145
MLS Listing,,Single Family Residential,14471 Salisbury Rd,Midlothian,VA,23113,555000,5,4,Salisbury,4210,,1990,6,132,9,Active,,,http://www.redfin.com/VA/Midlothian/14471-W-Salisbury-Rd-23113/home/59495642,CVRMLS,2009144,N,Y,37.5182813,-77.6755566
MLS Listing,,Single Family Residential,,Henrico,VA,23227,249950,3,2,,2502,13939,1943,6,100,,Active,,,http://www.redfin.com/VA/Richmond/Undisclosed-address-23227/home/59646751,CVRMLS,2006976,N,Y,37.6259708,-77.4364239
MLS Listing,,Single Family Residential,9517 Southmill Dr,Glen Allen,VA,23060,359950,4,2.5,Milbrooke,2095,9147,1993,6,172,,Active,,,http://www.redfin.com/VA/Glen-Allen/9517-Southmill-Dr-23060/home/59615953,CVRMLS,2009300,N,Y,37.6646773,-77.5538142
MLS Listing,,Single Family Residential,6023 Bonneau Rd,Henrico,VA,23227,259000,3,2,Chamberlayne Heights,2206,10890,1942,6,117,,Active,,,http://www.redfin.com/VA/Richmond/6023-Bonneau-Rd-23227/home/59646830,CVRMLS,2009364,N,Y,37.6268055,-77.4339135
MLS Listing,,Single Family Residential,9606 Lost Forest Dr,Richmond,VA,23237,179950,3,2,Lost Forest,1604,,1976,6,112,,Active,,,http://www.redfin.com/VA/Richmond/9606-Lost-Forest-Dr-23237/home/59560042,CVRMLS,2009358,N,Y,37.3814118,-77.4676203
MLS Listing,,Single Family Residential,15918 Drumone Rd,Midlothian,VA,23112,639990,4,4,Hallsley,3634,16117,2014,6,176,105,Active,,,http://www.redfin.com/VA/Midlothian/15918-Drumone-Rd-23112/home/59488924,CVRMLS,2008749,N,Y,37.4754928,-77.70823
MLS Listing,,Townhouse,5116 Berkley Mill Dr Unit 21-2,Henrico,VA,23231,259990,3,2.5,Iron Mill Section 1,1855,,2020,6,140,170,Active,,,http://www.redfin.com/VA/Henrico/5116-Berkley-Mill-DR-23231/unit-21-2/home/171190177,CVRMLS,2009341,N,Y,37.440438,-77.3094674
MLS Listing,,Single Family Residential,12401 Bailey Bridge Rd,Chesterfield,VA,23112,309950,3,2.5,,2356,60112,1979,6,132,,Active,,,http://www.redfin.com/VA/Midlothian/12401-Bailey-Bridge-Rd-23112/home/59513634,CVRMLS,2009287,N,Y,37.4088295,-77.620704
MLS Listing,,Single Family Residential,3303 Crossings Way,Midlothian,VA,23113,569000,5,4.5,Cross Creek,4324,25700,1988,6,132,,Active,,,http://www.redfin.com/VA/Midlothian/3303-Crossings-Way-23113/home/59496444,CVRMLS,2009276,N,Y,37.5435536,-77.6744383
MLS Listing,,Single Family Residential,861 Dogwood Dell Ln,Midlothian,VA,23113,865000,5,5.5,Founders Bridge,5645,25264,2008,6,153,120,Active,,,http://www.redfin.com/VA/Midlothian/861-Dogwood-Dell-Ln-23113/home/101555482,CVRMLS,2009137,N,Y,37.5378287,-77.6891773
MLS Listing,,Townhouse,00 Pocoshock Forest Dr #442,North Chesterfield,VA,23235,309990,2,2,The Townes At Notting Place,1962,,2019,6,158,144,Active,,,http://www.redfin.com/VA/Clover-Hill/Pocoshock-Pl-23235/unit-442/home/171189523,CVRMLS,2009329,N,Y,37.4690345,-77.5355186
MLS Listing,,Townhouse,0 Pocoshock Forest Dr #441,North Chesterfield,VA,23235,286990,2,2.5,The Townes At Notting Place,1578,,2020,6,182,144,Active,,,http://www.redfin.com/VA/Clover-Hill/Pocoshock-Pl-23235/unit-441/home/171189172,CVRMLS,2009304,N,Y,37.4690345,-77.5355186
MLS Listing,,Single Family Residential,1207 Sydnor Rd,Henrico,VA,23231,135000,3,1,Marion Hill,1244,13503,1957,6,109,,Active,,,http://www.redfin.com/VA/Richmond/1207-Sydnor-Rd-23231/home/59691246,CVRMLS,2009264,N,Y,37.5033767,-77.4025735
MLS Listing,,Single Family Residential,8990 Mann Dr,Mechanicsville,VA,23116,119600,2,1,Sharon Park,888,20037,1953,6,135,,Active,,,http://www.redfin.com/VA/Mechanicsville/8990-Mann-Dr-23116/home/56193886,CVRMLS,2009265,N,Y,37.6436064,-77.3863397
MLS Listing,,Single Family Residential,11901 Longtown Dr,Midlothian,VA,23112,329132,4,2,Collington,1744,,2020,6,189,54,Active,,,http://www.redfin.com/VA/MIDLOTHIAN/11901-LONGTOWN-DR-23112/home/169736881,CVRMLS,2009309,N,Y,37.417,-77.513
MLS Listing,,Single Family Residential,2263 Early Settlers Rd,Chesterfield,VA,23235,239900,3,2.5,Settlers Landing,1500,9583,1977,6,160,6,Active,,,http://www.redfin.com/VA/Richmond/2263-Early-Settlers-Rd-23235/home/59527043,CVRMLS,2009234,N,Y,37.520397,-77.5852869
MLS Listing,,Single Family Residential,235 E 36th St,Richmond,VA,23224,224950,3,2,Burfoot Addition,1553,7405,1938,6,145,,Active,,,http://www.redfin.com/VA/Richmond/235-E-36th-St-23224/home/55432060,CVRMLS,2009282,N,Y,37.5071277,-77.4701365
MLS Listing,,Townhouse,1205 Boulder Creek Rd,Richmond,VA,23225,249900,3,2.5,Boulder Parke Townehomes,2589,2178,2008,6,97,130,Active,,,http://www.redfin.com/VA/Richmond/1205-Boulder-Creek-Rd-23225/home/55390627,CVRMLS,2009307,N,Y,37.5166088,-77.5262584
MLS Listing,,Condo/Co-op,501 N Arthur Ashe Blvd Unit U9,Richmond,VA,23220,210000,2,1,Tuscan Villas Condominiums,713,,1928,6,295,317,Active,,,http://www.redfin.com/VA/Richmond/501-N-Arthur-Ashe-Blvd-23220/unit-U9/home/55443213,CVRMLS,2008913,N,Y,37.5587173,-77.4718137
MLS Listing,,Single Family Residential,2325 Elkview Dr,North Chesterfield,VA,23235,291950,4,2.5,Bexley,2480,,2020,6,118,19,Active,,,http://www.redfin.com/VA/North-Chesterfield/2325-Elkview-DR-23235/home/171188666,CVRMLS,2009295,N,Y,37.463167,-77.532948
MLS Listing,,Condo/Co-op,2008 W Libbie Lake St Unit A,Henrico,VA,23230,308450,2,2.5,Neighborhood of Libbie Mill Midtown Section I,1562,,2020,6,197,178,Active,,,http://www.redfin.com/VA/Richmond/2008-W-Libbie-Lake-St-23230/unit-A/home/171188665,CVRMLS,2009297,N,Y,37.580361,-77.487405
MLS Listing,,Single Family Residential,4110 Patterson Ave,Richmond,VA,23221,487500,4,3,Monument Avenue Gardens,1958,6534,1936,6,249,,Active,,,http://www.redfin.com/VA/Richmond/4110-Patterson-Ave-23221/home/55447135,CVRMLS,2008930,N,Y,37.5667232,-77.4901628
MLS Listing,,Single Family Residential,2319 Elkview Dr,North Chesterfield,VA,23235,303950,4,2.5,Bexley,2757,,2020,6,110,19,Active,,,http://www.redfin.com/VA/North-Chesterfield/2319-Elkview-DR-23235/home/171188610,CVRMLS,2009293,N,Y,37.463167,-77.532948
MLS Listing,,Single Family Residential,12200 Graham Meadows Dr,Henrico,VA,23233,719408,4,3.5,Greengate,3062,,2020,6,235,180,Active,,,http://www.redfin.com/VA/Henrico/12200-Graham-Meadows-Dr-23233/home/113276286,CVRMLS,2009177,N,Y,37.6568701,-77.6370279
MLS Listing,,Single Family Residential,22 Rodes Ave,Sandston,VA,23150,169950,3,2,Sandston,1306,10018,1918,6,130,,Active,,,http://www.redfin.com/VA/Sandston/22-Rodes-Ave-23150/home/59688522,CVRMLS,2009131,N,Y,37.5200829,-77.3111952
MLS Listing,,Single Family Residential,309 Tarrytown Dr,Henrico,VA,23229,645000,4,4,Sleepy Hollow,3632,43560,1957,6,178,,Active,,,http://www.redfin.com/VA/Richmond/309-Tarrytown-Dr-23229/home/59670814,CVRMLS,2006229,N,Y,37.5819601,-77.5746361
MLS Listing,,Single Family Residential,3301 W Hundred Rd,Chester,VA,23831,149950,3,2,Oakland,1819,42253,1956,6,82,,Active,,,http://www.redfin.com/VA/Chester/3301-W-Hundred-Rd-23831/home/59574207,CVRMLS,2009218,N,Y,37.357743,-77.428983
MLS Listing,,Townhouse,12525 Wescott Dr,Midlothian,VA,23112,264950,3,2.5,Wescott,2080,,2020,6,127,150,Active,,,http://www.redfin.com/VA/Midlothian/12525-Wescott-DR-Unknown/home/170365122,CVRMLS,2009239,N,Y,37.5061069,-77.6490005
MLS Listing,,Townhouse,12517 Wescott Dr,Midlothian,VA,23112,265950,3,2.5,Wescott,2080,,2020,6,128,150,Active,,,http://www.redfin.com/VA/Midlothian/12517-Wescott-DR-Unknown/home/170365624,CVRMLS,2009238,N,Y,37.5061069,-77.6490005
MLS Listing,,Townhouse,12521 Wescott Dr,Midlothian,VA,23112,265950,3,2.5,Wescott,2080,,2020,6,128,150,Active,,,http://www.redfin.com/VA/Midlothian/12521-Wescott-DR-Unknown/home/170365219,CVRMLS,2009237,N,Y,37.5061069,-77.6490005
MLS Listing,,Single Family Residential,955 Roll Dr,Midlothian,VA,23114,500000,6,4.5,The Grove,3840,9147,2002,6,130,37,Active,,,http://www.redfin.com/VA/Midlothian/955-Roll-Dr-23114/home/59588957,CVRMLS,2008298,N,Y,37.4877006,-77.6494289
MLS Listing,,Townhouse,11756 Triple Notch Ter,Henrico,VA,23233,450500,4,3.5,Three Notch Place,2989,4356,2011,7,151,295,Active,,,http://www.redfin.com/VA/Richmond/11756-Triple-Notch-Ter-23233/home/59602828,CVRMLS,2006933,N,Y,37.6449714,-77.6140305
MLS Listing,,Townhouse,1214 Balustrade Blvd,Henrico,VA,23226,769500,3,3,Monument Square Condo,3265,3484,2017,7,236,382,Active,,,http://www.redfin.com/VA/Richmond/1214-Balustrade-Blvd-23226/home/113246070,CVRMLS,2008706,N,Y,37.5791929,-77.5044045
MLS Listing,,Condo/Co-op,27 Red Fox Ln,Henrico,VA,23228,89995,2,1.5,Hamlet Condominium,923,871,1962,7,98,695,Active,,,http://www.redfin.com/VA/Richmond/27-Red-Fox-Ln-23228/home/59661620,CVRMLS,2009032,N,Y,37.603632,-77.49393
MLS Listing,,Townhouse,2214 Kingsbrook Dr,Henrico,VA,23238,194500,3,2,Windsor Park Townhouses,1320,1742,1975,7,147,139,Active,,,http://www.redfin.com/VA/Richmond/2214-Kingsbrook-Dr-23238/home/59648013,CVRMLS,2009254,N,Y,37.616661,-77.640615
MLS Listing,,Single Family Residential,12501 Misty Lake Ct,Chesterfield,VA,23114,449950,5,3.5,Walton Lake,3429,34412,1989,7,131,72,Active,,,http://www.redfin.com/VA/Midlothian/12501-Misty-Lake-Ct-23114/home/59510616,CVRMLS,2009139,N,Y,37.4732306,-77.6302174
MLS Listing,,Single Family Residential,611 Greencastle Rd,North Chesterfield,VA,23236,239950,3,2,Scottingham,1692,17424,1979,7,142,,Active,,,http://www.redfin.com/VA/Richmond/611-Greencastle-Rd-23236/home/59533342,CVRMLS,2009150,N,Y,37.4877499,-77.559697
MLS Listing,,Single Family Residential,12129 Morestead Ct,Glen Allen,VA,23059,765000,4,3.5,Preston At Wyndham,4382,15681,2004,7,175,69,Active,,,http://www.redfin.com/VA/Glen-Allen/12129-Morestead-Ct-23059/home/59594397,CVRMLS,2009165,N,Y,37.707799,-77.6129115
MLS Listing,,Single Family Residential,2531 Hopkins Ln,Richmond,VA,23224,189950,3,2,,1248,,2020,8,152,,Active,,,http://www.redfin.com/VA/Richmond/2531-Hopkins-Rd-23224/home/55389934,CVRMLS,2006701,N,Y,37.4833369,-77.4673777
MLS Listing,,Single Family Residential,11321 Anna Way,Henrico,VA,23233,475000,5,2.5,Church Run,2834,13503,1991,8,168,29,Active,,,http://www.redfin.com/VA/Richmond/11321-Anna-Way-23233/home/59625425,CVRMLS,2007611,N,Y,37.6420076,-77.5950065
MLS Listing,,Condo/Co-op,3513 Hanover Ave Unit UC,Richmond,VA,23221,165000,1,1,Benedictine Commons,655,95396,1947,8,252,225,Active,,,http://www.redfin.com/VA/Richmond/3513-Hanover-Ave-23221/unit-UC/home/171172602,CVRMLS,2008501,N,Y,37.55991,-77.485647
MLS Listing,,Single Family Residential,6423 Cherrygrove Ln,Mechanicsville,VA,23111,239999,3,2,Cherrydale West,1300,17424,1989,8,185,,Active,,,http://www.redfin.com/VA/Mechanicsville/6423-Cherrygrove-Ln-23111/home/56203358,CVRMLS,2009153,N,Y,37.6281899,-77.3309842
MLS Listing,,Single Family Residential,6017 Centralia Rd,Chesterfield,VA,23832,329900,3,2.5,,2611,39204,2016,8,126,,Active,,,http://www.redfin.com/VA/Chesterfield/6017-Centralia-Rd-23832/home/59553111,CVRMLS,2009152,N,Y,37.375261,-77.491133
MLS Listing,,Single Family Residential,11504 Grey Oaks Estates Run,Glen Allen,VA,23059,804728,6,5,Estates at Grey Oaks South Section I,4801,15681,2020,8,168,43,Active,,,http://www.redfin.com/VA/Glen-Allen/11504-Grey-Oaks-Estates-Run-23059/home/113277099,CVRMLS,2009095,N,Y,37.6777624,-77.6087864
MLS Listing,,Single Family Residential,404 N Meadow St,Richmond,VA,23220,519000,3,2,,2040,1306,1908,8,254,,Active,,,http://www.redfin.com/VA/Richmond/404-N-Meadow-St-23220/home/55441289,CVRMLS,2009141,N,Y,37.5539704,-77.4634411
MLS Listing,,Single Family Residential,12219 Old Bailey Bridge Rd,Midlothian,VA,23112,219950,3,1.5,Elm Farm,1700,64904,1968,8,129,,Active,,,http://www.redfin.com/VA/Midlothian/12219-Old-Bailey-Bridge-Rd-23112/home/59514935,CVRMLS,2009135,N,Y,37.412974,-77.616539
MLS Listing,,Single Family Residential,12016 Drumore Way,Glen Allen,VA,23059,765000,5,3.5,Preston At Wyndham,4799,15245,1998,8,159,69,Active,,,http://www.redfin.com/VA/Glen-Allen/12016-Drumore-Way-23059/home/59612796,CVRMLS,2009130,N,Y,37.703726,-77.6148138
MLS Listing,,Townhouse,14327 Michaux Village Dr,Midlothian,VA,23113,342950,2,3.5,Winterfield Park,2140,,2019,8,160,140,Active,,,http://www.redfin.com/VA/Midlothian/14327-Michaux-Village-Dr-23113/home/144490961,CVRMLS,2009134,N,Y,37.5097586,-77.6645706
MLS Listing,,Single Family Residential,1823 Leslie Ln,Richmond,VA,23228,266000,4,2,North Run Terrace,1988,12196,1972,8,134,,Active,,,http://www.redfin.com/VA/Richmond/1823-Leslie-Ln-23228/home/59629965,CVRMLS,2008753,N,Y,37.645297,-77.4867104
MLS Listing,,Single Family Residential,4307 Park Ave,Richmond,VA,23221,443500,3,2,Leonard Heights,1510,5662,1950,8,294,,Active,,,http://www.redfin.com/VA/Richmond/4307-Park-Ave-23221/home/55447093,CVRMLS,2009117,N,Y,37.5684053,-77.492357
MLS Listing,,Single Family Residential,903 Sumpter St,Richmond,VA,23220,165000,2,2,,992,5662,1968,8,166,,Active,,,http://www.redfin.com/VA/Richmond/903-Sumpter-St-23220/home/55438964,CVRMLS,2009057,N,Y,37.539999,-77.465477
MLS Listing,,Single Family Residential,490 Comstock Dr,North Chesterfield,VA,23236,285000,3,2.5,Hylton Park,2040,18730,1980,8,140,,Active,,,http://www.redfin.com/VA/Richmond/490-Comstock-Dr-23236/home/59521052,CVRMLS,2009076,N,Y,37.4973031,-77.5971553
MLS Listing,,Single Family Residential,3311 Lifsey Ln,Chesterfield,VA,23832,220000,3,3,North Lake Hills,1773,17859,1964,9,124,,Active,,,http://www.redfin.com/VA/Chesterfield/3311-Lifsey-Ln-23832/home/59546160,CVRMLS,2009098,N,Y,37.4632857,-77.5200321
MLS Listing,,Condo/Co-op,1657 W Broad St Unit U12,Richmond,VA,23220,220000,2,1,,810,871,1920,9,272,250,Active,,,http://www.redfin.com/VA/Richmond/1657-W-Broad-St-23220/unit-U12/home/171171156,CVRMLS,2007085,N,Y,37.5550563,-77.4585154
MLS Listing,,Single Family Residential,2525 Maple Hall Ct,Midlothian,VA,23113,1395000,6,5.5,Founders Bridge,7900,27442,2006,9,177,120,Active,,,http://www.redfin.com/VA/Midlothian/2525-Maple-Hall-Ct-23113/home/59471701,CVRMLS,2008072,N,Y,37.5355761,-77.6888195
MLS Listing,,Townhouse,7873 Marshall Arch Dr,Hanover,VA,23111,259950,3,3,Liberty Trace,1741,3049,2013,9,149,144,Active,,,http://www.redfin.com/VA/Mechanicsville/7873-Marshall-Arch-Dr-23111/home/56173855,CVRMLS,2009090,N,Y,37.6115539,-77.3266767
MLS Listing,,Single Family Residential,4914 1/2 Park Ave,Richmond,VA,23226,795000,4,3.5,Patterson Place,3144,6969,2020,9,253,,Active,,,http://www.redfin.com/VA/Richmond/4914-1-2-Park-Ave-23226/home/55448088,CVRMLS,2009055,N,Y,37.5735743,-77.5014963
MLS Listing,,Vacant Land,5200 Claytonshire Ct,Glen Allen,VA,23060,149950,,,Claytonshire,,47044,,9,,,Active,,,http://www.redfin.com/VA/Glen-Allen/5200-Claytonshire-Ct-23060/home/59601459,CVRMLS,2009089,N,Y,37.669381,-77.5524049
MLS Listing,,Single Family Residential,14405 Twickenham Pl,Chesterfield,VA,23832,367950,5,3.5,Birkdale,2612,19166,2000,9,141,34,Active,,,http://www.redfin.com/VA/Chesterfield/14405-Twickenham-Pl-23832/home/59497952,CVRMLS,2009059,N,Y,37.3853552,-77.6669674
MLS Listing,,Single Family Residential,3409 W Grace St,Richmond,VA,23221,479950,3,2.5,,2054,3920,1927,9,234,,Active,,,http://www.redfin.com/VA/Richmond/3409-W-Grace-St-23221/home/55445963,CVRMLS,2009081,N,Y,37.566196,-77.4789827
MLS Listing,,Single Family Residential,4802 Riverside Dr,Richmond,VA,23225,429900,3,2.5,Westover Hills,2004,7405,1937,9,215,,Active,,,http://www.redfin.com/VA/Richmond/4802-Riverside-Dr-23225/home/55432250,CVRMLS,2009064,N,Y,37.5271494,-77.4836634
MLS Listing,,Single Family Residential,1405 Walton Bluff Ter,Midlothian,VA,23114,325000,4,2.5,Walton Bluff,2128,9147,1988,9,153,,Active,,,http://www.redfin.com/VA/Midlothian/1405-Walton-Bluff-Ter-23114/home/59508598,CVRMLS,2009004,N,Y,37.4760621,-77.6381273
MLS Listing,,Townhouse,6741 N Grand Brook Cir,Richmond,VA,23225,193000,3,2.5,Townes At Grand Oaks,1418,1742,2006,9,136,100,Active,,,http://www.redfin.com/VA/Richmond/6741-N-Grand-Brook-Cir-23225/home/55388847,CVRMLS,2007270,N,Y,37.5166291,-77.5205024
MLS Listing,,Single Family Residential,1114 N 26th St,Richmond,VA,23223,227500,3,2.5,,1680,4356,2017,9,135,,Active,,,http://www.redfin.com/VA/Richmond/1114-N-26th-St-23223/home/55409556,CVRMLS,2009039,N,Y,37.5385402,-77.41096
MLS Listing,,Single Family Residential,5108 Kemp St,Richmond,VA,23231,220000,4,2,,1482,,1948,9,148,,Active,,,http://www.redfin.com/VA/Richmond/5108-Kemp-St-23231/home/59689621,CVRMLS,2009060,N,Y,37.5167189,-77.3860258
MLS Listing,,Condo/Co-op,2956 Hathaway Rd Unit U110,Richmond,VA,23225,255000,2,2,Hathaway Tower Condominiums,1561,,1972,9,163,535,Active,,,http://www.redfin.com/VA/Richmond/2956-Hathaway-Rd-23225/unit-U110/home/55396960,CVRMLS,2008831,N,Y,37.54007,-77.5196469
MLS Listing,,Single Family Residential,9640 Fernleigh Dr,Richmond,VA,23235,150000,4,3,Fernleigh,2824,19602,1964,9,53,,Active,,,http://www.redfin.com/VA/Richmond/9640-Fernleigh-Dr-23235/home/55394232,CVRMLS,2009028,N,Y,37.5416591,-77.5749495
MLS Listing,,Single Family Residential,812 Agee Ter,Midlothian,VA,23114,414999,4,3.5,Armistead Village at Charter Colony,2769,6534,2015,9,150,70,Active,,,http://www.redfin.com/VA/Midlothian/812-Agee-Ter-23114/home/59484933,CVRMLS,2009048,N,Y,37.484203,-77.667483
MLS Listing,,Single Family Residential,3601 Meadowbridge Rd,Richmond,VA,23222,85000,2,1,North Highland Park,679,6098,1947,9,125,,Active,,,http://www.redfin.com/VA/Richmond/3601-Meadowbridge-Rd-23222/home/55424287,CVRMLS,2008986,N,Y,37.5810037,-77.4226272
MLS Listing,,Single Family Residential,9063 Lindstrom Pl,Mechanicsville,VA,23116,399990,3,2.5,Garrison Manor,2499,,2020,9,160,29,Active,,,http://www.redfin.com/VA/Mechanicsville/9063-Lindstrom-Pl-23116/home/170216339,CVRMLS,2009047,N,Y,37.6496881,-77.380365
MLS Listing,,Single Family Residential,3809 Quinn Abbey Ln,Henrico,VA,23223,302990,4,2.5,Kensington Meadows,2423,,2020,9,125,22,Active,,,http://www.redfin.com/VA/Henrico/3809-Quinn-Abbey-LN-23223/home/170136508,CVRMLS,2009045,N,Y,37.5621276,-77.3668965
MLS Listing,,Single Family Residential,1904 Glenwilton Dr,Henrico,VA,23223,292990,4,2.5,Kensington Meadows,2114,,2020,9,139,22,Active,,,http://www.redfin.com/VA/Richmond/1904-Glenwilton-Dr-23223/home/170136242,CVRMLS,2009044,N,Y,37.5668282,-77.3652475
MLS Listing,,Single Family Residential,3905 Seasons Ln,Henrico,VA,23223,283990,3,2,Kensington Meadows,1601,,2020,9,177,22,Active,,,http://www.redfin.com/VA/Richmond/3905-Seasons-Ln-23223/home/171102748,CVRMLS,2009041,N,Y,37.5638336,-77.3697295
MLS Listing,,Single Family Residential,3805 Alderleaf Ln,Henrico,VA,23223,259990,3,2.5,Kensington Meadows,1627,,2020,9,160,22,Active,,,http://www.redfin.com/VA/Richmond/3805-Alderleaf-LN-23223/home/170127795,CVRMLS,2009038,N,Y,37.5621276,-77.3668965
MLS Listing,,Single Family Residential,4910 Green Run Ct,Henrico,VA,23228,247950,3,2,Forest Green II Of Shannon Gr,1528,12196,1990,10,162,3,Active,,,http://www.redfin.com/VA/Richmond/4910-Green-Run-Ct-23228/home/59635930,CVRMLS,2006763,N,Y,37.6362815,-77.5347801
MLS Listing,,Single Family Residential,6117 Ashmont Ln,Glen Allen,VA,23059,659950,4,3.5,Ashmont At Wyndham,3773,16988,1994,10,175,69,Active,,,http://www.redfin.com/VA/Glen-Allen/6117-Ashmont-Ln-23059/home/59612740,CVRMLS,2008545,N,Y,37.704382,-77.6017436
MLS Listing,,Single Family Residential,7805 Halyard Ter,Chesterfield,VA,23832,239900,4,2,Ashbrook,1656,5227,1991,10,145,20,Active,,,http://www.redfin.com/VA/Chesterfield/7805-Halyard-Ter-23832/home/59493662,CVRMLS,2008720,N,Y,37.3942266,-77.6829931
MLS Listing,,Single Family Residential,11831 Exbury Ter,Chesterfield,VA,23114,249900,3,2,Exbury,1391,12632,1990,10,180,,Active,,,http://www.redfin.com/VA/Midlothian/11831-Exbury-Ter-23114/home/59515377,CVRMLS,2008828,N,Y,37.4724561,-77.6163489
MLS Listing,,Single Family Residential,110 Seneca Rd,Richmond,VA,23226,850000,4,2.5,Tuckahoe Terrace,3244,7840,1940,10,262,,Active,,,http://www.redfin.com/VA/Richmond/110-Seneca-Rd-23226/home/55449945,CVRMLS,2008967,N,Y,37.5714662,-77.5165694
MLS Listing,,Single Family Residential,1210 Rosecroft Rd,Henrico,VA,23229,230000,3,1,Ridgecrest,1125,10890,1955,10,204,,Active,,,http://www.redfin.com/VA/Richmond/1210-Rosecroft-Rd-23229/home/59659130,CVRMLS,2009030,N,Y,37.597785,-77.57177
MLS Listing,,Townhouse,8018 Ellendale Dr,Mechanicsville,VA,23116,300000,3,2.5,Rutland,1829,,2017,10,164,80,Active,,,http://www.redfin.com/VA/Mechanicsville/8018-Ellendale-Dr-23116/home/131661405,CVRMLS,2009025,N,Y,37.6537819,-77.4027113
MLS Listing,,Single Family Residential,3312 Delaware Ave,Richmond,VA,23222,319000,3,2.5,Highland Park,1725,,1922,10,185,,Active,,,http://www.redfin.com/VA/Richmond/3312-Delaware-Ave-23222/home/55423246,CVRMLS,2009016,N,Y,37.5768641,-77.4206276
MLS Listing,,Single Family Residential,2118 Floyd Ave,Richmond,VA,23220,584950,3,2.5,,2421,3484,1911,10,242,,Active,,,http://www.redfin.com/VA/Richmond/2118-Floyd-Ave-23220/home/55441064,CVRMLS,2008977,N,Y,37.5513207,-77.4671892
MLS Listing,,Townhouse,12131 Perdue Springs Loop,Chester,VA,23831,199740,3,2.5,Westchester Townhouses,1360,1742,2019,10,147,120,Active,,,http://www.redfin.com/VA/Chester/12131-Perdue-Springs-Loop-23831/home/59486760,CVRMLS,2008366,N,Y,37.362504,-77.421419
MLS Listing,,Single Family Residential,5512 Gatebridge Rd,North Chesterfield,VA,23234,230000,3,2,Stonebridge,1528,13939,1990,10,151,,Active,,,http://www.redfin.com/VA/Richmond/5512-Gatebridge-Rd-23234/home/59553832,CVRMLS,2007496,N,Y,37.4227204,-77.4905191
MLS Listing,,Single Family Residential,9516 Simpson Bay Dr,Mechanicsville,VA,23116,428000,4,3,Summer Duck,2277,12196,2019,10,188,33,Active,,,http://www.redfin.com/VA/Mechanicsville/9516-Simpson-Bay-Dr-23116/home/131659943,CVRMLS,2008870,N,Y,37.669488,-77.421
MLS Listing,,Single Family Residential,4719 Fitzhugh Ave,Richmond,VA,23230,469000,4,2.5,Monument Avenue Park,2853,9583,1950,10,164,,Active,,,http://www.redfin.com/VA/Richmond/4719-Fitzhugh-Ave-23230/home/55447749,CVRMLS,2008475,N,Y,37.5781958,-77.4933867
MLS Listing,,Single Family Residential,12035 Stonewick Pl,Glen Allen,VA,23059,575000,6,4.5,Stonewick At Grey Oaks,3785,15245,2007,10,152,48,Active,,,http://www.redfin.com/VA/Glen-Allen/12035-Stonewick-Pl-23059/home/59603759,CVRMLS,2008626,N,Y,37.6821774,-77.6151494
MLS Listing,,Townhouse,1700 Rose Mill Cir,Midlothian,VA,23112,239950,3,2.5,Watermill Villas,1828,5662,2004,10,131,210,Active,,,http://www.redfin.com/VA/Midlothian/1700-Rose-Mill-Cir-23112/home/59585259,CVRMLS,2008522,N,Y,37.465068,-77.677229
MLS Listing,,Single Family Residential,3810 Moss Side Ave,Richmond,VA,23222,320000,0,2,Ginter Park,3932,30056,1900,10,81,,Active,,,http://www.redfin.com/VA/Richmond/3810-Moss-Side-Ave-23222/home/143987153,CVRMLS,2008979,N,Y,37.5862148,-77.4426955
MLS Listing,,Single Family Residential,3800 Moss Side Ave,Richmond,VA,23222,275000,0,2,Ginter Park,5600,15245,1958,10,49,,Active,,,http://www.redfin.com/VA/Richmond/3800-Moss-Side-Ave-23222/home/171163744,CVRMLS,2008857,N,Y,37.5849975,-77.4424612
MLS Listing,,Vacant Land,0 Cold Harbor Rd,Hanover,VA,23111,90000,,,,,43560,,10,,,Active,,,http://www.redfin.com/VA/Mechanicsville/Cold-Harbor-Rd-23111/home/56196109,CVRMLS,2008976,N,Y,37.601876,-77.369051
MLS Listing,,Single Family Residential,11102 Buckhead Ter,Midlothian,VA,23113,615000,4,4.5,Reeds Landing,4178,48351,1989,10,147,178,Active,,,http://www.redfin.com/VA/Midlothian/11102-Buckhead-Ter-23113/home/59519368,CVRMLS,2008768,N,Y,37.5449988,-77.6061553
MLS Listing,,Single Family Residential,3802 Moss Side Ave,Richmond,VA,23222,419500,3,2.5,Ginter Park,1664,14810,1919,10,252,,Active,,,http://www.redfin.com/VA/Richmond/3802-Moss-Side-Ave-23222/home/55425086,CVRMLS,2008877,N,Y,37.5852212,-77.4424756
MLS Listing,,Single Family Residential,2800 Purcell Ct,Henrico,VA,23060,429500,4,2.5,,2756,10890,2020,10,156,,Active,,,http://www.redfin.com/VA/Glen-Allen/Purcell-Pl-23060/home/145289900,CVRMLS,2008880,N,Y,37.654541,-77.505186
MLS Listing,,Single Family Residential,2008 Miller Ave,Richmond,VA,23222,260000,3,2.5,Barton Heights,2116,6969,1917,10,123,,Active,,,http://www.redfin.com/VA/Richmond/2008-Miller-Ave-23222/home/55417240,CVRMLS,2008963,N,Y,37.5613349,-77.435617
MLS Listing,,Single Family Residential,5220 Claytonshire Ct,Glen Allen,VA,23060,459950,6,3.5,Claytonshire,3184,10890,2006,10,144,,Active,,,http://www.redfin.com/VA/Glen-Allen/5220-Claytonshire-Ct-23060/home/59601457,CVRMLS,2007012,N,Y,37.6693042,-77.5542172
MLS Listing,,Single Family Residential,3316 Suffolk Rd,Richmond,VA,23227,699950,4,3.5,Sherwood Park,2879,9583,1950,10,243,,Active,,,http://www.redfin.com/VA/Richmond/3316-Suffolk-Rd-23227/home/55422868,CVRMLS,2008911,N,Y,37.5772455,-77.4580484
MLS Listing,,Single Family Residential,414 S Harrison St,Richmond,VA,23220,289000,2,2,,1166,2178,2016,10,248,,Active,,,http://www.redfin.com/VA/Richmond/414-S-Harrison-St-23220/home/76771793,CVRMLS,2008946,N,Y,37.5415003,-77.4578163
MLS Listing,,Single Family Residential,106 Tonbridge Rd,Richmond,VA,23221,1150000,4,4.5,Windsor Farms,5049,19602,1928,10,228,40,Active,,,http://www.redfin.com/VA/Richmond/106-Tonbridge-Rd-23221/home/55452090,CVRMLS,2008933,N,Y,37.5587639,-77.5009587
MLS Listing,,Single Family Residential,2900 Garland Ave,Richmond,VA,23222,449900,4,2.5,Brookland Park,2528,9583,1922,10,178,,Active,,,http://www.redfin.com/VA/Richmond/2900-Garland-Ave-23222/home/55420101,CVRMLS,2008648,N,Y,37.5702083,-77.4342802
MLS Listing,,Vacant Land,4200 North Ave,Richmond,VA,23222,160000,,,Ginter Park,,13068,,10,,,Active,,,http://www.redfin.com/VA/Richmond/4200-North-Ave-23222/home/55425089,CVRMLS,2008943,N,Y,37.586555,-77.442748
MLS Listing,,Single Family Residential,12601 Hardings Trace Ct,Richmond,VA,23233,714950,6,4.5,Hardings Trace,5358,20908,1990,10,133,14,Active,,,http://www.redfin.com/VA/Richmond/12601-Hardings-Trace-Ct-23233/home/59624005,CVRMLS,2008615,N,Y,37.6406961,-77.6358705
MLS Listing,,Single Family Residential,6907 Swanhaven Dr,Chesterfield,VA,23234,364950,4,3.5,Watermark,2844,,2015,10,128,45,Active,,,http://www.redfin.com/VA/Richmond/6907-Swanhaven-Dr-23234/home/59489125,CVRMLS,2008661,N,Y,37.418054,-77.509418
MLS Listing,,Single Family Residential,8308 Mark Lawn Dr,Henrico,VA,23229,210000,3,1,Mark Lawn,1080,13503,1955,10,194,,Active,,,http://www.redfin.com/VA/Richmond/8308-Mark-Lawn-Dr-23229/home/59643382,CVRMLS,2008471,N,Y,37.6210421,-77.5493475
MLS Listing,,Single Family Residential,10225 Locklies Dr,Glen Allen,VA,23060,415000,3,2.5,Townes At Crossridge,2168,5662,2003,10,191,155,Active,,,http://www.redfin.com/VA/Glen-Allen/10225-Locklies-Dr-23060/home/59596876,CVRMLS,2008334,N,Y,37.6567769,-77.5296739
MLS Listing,,Townhouse,5511 Millstream Ln,Henrico,VA,23228,205000,3,2.5,Millspring Townes,1376,1742,2003,10,149,165,Active,,,http://www.redfin.com/VA/Richmond/5511-Millstream-Ln-23228/home/59597301,CVRMLS,2006106,N,Y,37.6379493,-77.5234813
MLS Listing,,Single Family Residential,6737 Gills Gate Ter,Chesterfield,VA,23832,200000,4,2.5,Gills Gate,2524,24393,2001,10,79,6,Active,,,http://www.redfin.com/VA/Chesterfield/6737-Gills-Gate-Ter-23832/home/59587080,CVRMLS,2007376,N,Y,37.4459728,-77.5198199
MLS Listing,,Single Family Residential,9921 Third Branch Dr,Chesterfield,VA,23832,319950,3,2.5,Candlelamp,2569,47044,1985,10,125,,Active,,,http://www.redfin.com/VA/Chesterfield/9921-3rd-Branch-Dr-23832/home/59511991,CVRMLS,2008503,N,Y,37.3772894,-77.6236979
MLS Listing,,Single Family Residential,12307 Duck River Rd,Midlothian,VA,23112,115000,2,1.5,Plum Creek At South Ridge,1020,9583,1985,10,113,,Active,,,http://www.redfin.com/VA/Midlothian/12307-Duck-River-Rd-23112/home/59513507,CVRMLS,2008764,N,Y,37.446897,-77.6201731
MLS Listing,,Single Family Residential,906 Greenway Ln,Richmond,VA,23226,349900,4,2,Willow Lawn,1485,10018,1951,10,236,,Active,,,http://www.redfin.com/VA/Richmond/906-Greenway-Ln-23226/home/55449774,CVRMLS,2008642,N,Y,37.5756179,-77.5060003
MLS Listing,,Single Family Residential,3107 5th Ave,Richmond,VA,23222,69999,3,1,Highland Park Addition,1408,2613,1920,11,50,,Active,,,http://www.redfin.com/VA/Richmond/3107-5th-Ave-23222/home/55426035,CVRMLS,2008926,N,Y,37.5686258,-77.4136052
MLS Listing,,Single Family Residential,8303 Morelock Ct,Chesterfield,VA,23236,220000,3,2,Brookfield South,1254,13068,1987,11,175,,Active,,,http://www.redfin.com/VA/Richmond/8303-Morelock-Ct-23236/home/59539009,CVRMLS,2006906,N,Y,37.4874872,-77.548485
MLS Listing,,Single Family Residential,4703 Mill Park Dr,Glen Allen,VA,23060,305000,4,2.5,Dunncroft,1804,10454,1983,11,169,,Active,,,http://www.redfin.com/VA/Glen-Allen/4703-Mill-Park-Dr-23060/home/59620422,CVRMLS,2007795,N,Y,37.6518121,-77.541522
MLS Listing,,Single Family Residential,1500 Lochwood Dr,Henrico,VA,23238,449950,5,4.5,Tuckahoe Village West,3480,16988,1972,11,129,,Active,,,http://www.redfin.com/VA/Richmond/1500-Lochwood-Dr-23238/home/59647470,CVRMLS,2007865,N,Y,37.61012,-77.6394849
MLS Listing,,Single Family Residential,311 W 27th St,Richmond,VA,23225,324900,3,2,Woodland Heights,1878,4356,1910,11,173,,Active,,,http://www.redfin.com/VA/Richmond/311-W-27th-St-23225/home/55429949,CVRMLS,2007815,N,Y,37.5179404,-77.460149
MLS Listing,,Townhouse,Lot 15 Buntline Ln,Chesterfield,VA,23234,245850,3,2.5,Watermark,1634,,2020,11,150,95,Active,,,http://www.redfin.com/VA/North-Chesterfield/Lot-15-Buntline-LN-23234/home/171158052,CVRMLS,2008920,N,Y,37.4664427,-77.4628325
MLS Listing,,Townhouse,Lot 13 Buntline Ln,Chesterfield,VA,23234,243850,3,2.5,Watermark,1801,,2020,11,135,95,Active,,,http://www.redfin.com/VA/Chesterfield/Lot-13-Buntline-LN-23832/home/171157985,CVRMLS,2008918,N,Y,37.3770935,-77.5049863
MLS Listing,,Townhouse,Lot 9 Buntline Ln,Chesterfield,VA,23234,246950,3,2.5,Watermark,1801,,2020,11,137,95,Active,,,http://www.redfin.com/VA/North-Chesterfield/Lot-9-Buntline-LN-23234/home/171157760,CVRMLS,2008916,N,Y,37.4664427,-77.4628325
MLS Listing,,Townhouse,Lot 8 Buntline Ln,Chesterfield,VA,23234,238950,3,2.5,Watermark,1634,,2020,11,146,95,Active,,,http://www.redfin.com/VA/Chesterfield/Lot-8-Buntline-LN-23832/home/171157614,CVRMLS,2008915,N,Y,37.3770935,-77.5049863
MLS Listing,,Condo/Co-op,Lot 7 Buntline Ln,Chesterfield,VA,23234,239950,3,2.5,Watermark,1801,,2020,11,133,95,Active,,,http://www.redfin.com/VA/Chesterfield/Lot-7-Buntline-LN-23832/home/171157488,CVRMLS,2008912,N,Y,37.3770935,-77.5049863
MLS Listing,,Single Family Residential,301 Lock Ln,Richmond,VA,23226,2495000,8,7,Windsor Farms,6212,33105,1937,11,402,40,Active,,,http://www.redfin.com/VA/Richmond/301-Lock-Ln-23226/home/55452774,CVRMLS,2008699,N,Y,37.5565332,-77.5085231
MLS Listing,,Townhouse,Lot 6 Buntline Ln,Chesterfield,VA,23234,243950,3,2.5,Watermark,1634,,2020,11,149,95,Active,,,http://www.redfin.com/VA/Chesterfield/Lot-6-Buntline-LN-23832/home/171157405,CVRMLS,2008910,N,Y,37.3770935,-77.5049863
MLS Listing,,Single Family Residential,10406 Windingridge Cir,Henrico,VA,23238,379000,3,2.5,Gayton Forest,2450,17859,1977,11,155,,Active,,,http://www.redfin.com/VA/Richmond/10406-Windingridge-Cir-23238/home/59650375,CVRMLS,2008269,N,Y,37.6114765,-77.6039706
MLS Listing,,Single Family Residential,00000 Cambria Cove Blvd,Midlothian,VA,23112,366490,3,3,Cambria Cove,2688,,2020,11,136,58,Active,,,http://www.redfin.com/VA/Midlothian/Cambria-Cove-Blvd-23112/home/113658128,CVRMLS,2008667,N,Y,37.4438045,-77.6979713
MLS Listing,,Single Family Residential,920 Dalmore Dr,Midlothian,VA,23113,1399000,6,5,Dalmore,6250,464785,2002,11,224,125,Active,,,http://www.redfin.com/VA/Midlothian/920-Dalmore-Dr-23113/home/59862970,CVRMLS,2008755,N,Y,37.5345592,-77.7080232
MLS Listing,,Single Family Residential,7421 Griffin Ave,Henrico,VA,23227,149995,3,1,Stuart Ridge Addition,1008,8712,1965,11,149,,Active,,,http://www.redfin.com/VA/Richmond/7421-Griffin-Ave-23227/home/59646192,CVRMLS,2008902,N,Y,37.6257619,-77.4481684
MLS Listing,,Single Family Residential,2214 Carrington St,Richmond,VA,23223,324950,3,2.5,,1912,1306,2019,11,170,,Active,,,http://www.redfin.com/VA/Richmond/2214-Carrington-St-23223/home/55409868,CVRMLS,2008900,N,Y,37.539542,-77.414832
MLS Listing,,Single Family Residential,00 Cambria Cove Blvd,Midlothian,VA,23112,377490,4,2.5,Cambria Cove,3549,,2020,11,106,58,Active,,,http://www.redfin.com/VA/Midlothian/15813-Cambria-Cove-Blvd-23112/home/144490336,CVRMLS,2008487,N,Y,37.4457212,-77.7039377
MLS Listing,,Single Family Residential,3615 Stoney Ridge Rd,Chesterfield,VA,23112,254995,3,2,Stoney Ridge,2006,21344,1978,11,127,58,Active,,,http://www.redfin.com/VA/Midlothian/3615-Stoney-Ridge-Rd-23112/home/59501131,CVRMLS,2008885,N,Y,37.4379259,-77.6562746
MLS Listing,,Vacant Land,10204 Purcell Rd,Henrico,VA,23060,105000,,,,,25700,,11,,,Active,,,http://www.redfin.com/VA/HENRICO/10204-PURCELL-RD-23228/home/59621759,CVRMLS,2008896,N,Y,37.654851,-77.505488
MLS Listing,,Single Family Residential,2033 Grey Oaks Park Ln,Henrico,VA,23059,773768,6,5,Estates At Grey Oaks Sec. I,4685,15245,2020,11,165,43,Active,,,http://www.redfin.com/VA/Glen-Allen/2033-Grey-Oaks-Park-Ln-23059/home/59608220,CVRMLS,2008750,N,Y,37.682314,-77.61241
MLS Listing,,Vacant Land,2804 Purcell Ct,Henrico,VA,23060,105000,,,,,10890,,11,,,Active,,,http://www.redfin.com/VA/Glen-Allen/Purcell-Pl-23060/home/145289898,CVRMLS,2008893,N,Y,37.654583,-77.505505
MLS Listing,,Townhouse,15918 Hallowell Rdg Unit 446-4,Moseley,VA,23120,329490,2,2,Greenwich Walk At Foxcreek,1962,,2020,11,168,299,Active,,,http://www.redfin.com/VA/Moseley/15918-Hallowell-RDG-23120/unit-446-4/home/171155702,CVRMLS,2008838,N,Y,37.4153723,-77.7058813
MLS Listing,,Vacant Land,2801 Purcell Ct,Henrico,VA,23060,105000,,,,,11325,,11,,,Active,,,http://www.redfin.com/VA/Glen-Allen/2801-Purcell-Pl-23060/home/145289899,CVRMLS,2008887,N,Y,37.6602469,-77.5043637
MLS Listing,,Townhouse,316 Becklow Ave,Henrico,VA,23233,556194,3,3.5,Greengate,2350,,2020,11,237,170,Active,,,http://www.redfin.com/VA/Henrico/316-Becklow-Ave-23233/home/113276178,CVRMLS,2008349,N,Y,37.6582386,-77.6389051
MLS Listing,,Single Family Residential,309 Piping Rock Rd,Manakin Sabot,VA,23103,642610,4,3.5,Kinloch,2877,10454,2019,11,223,238,Active,,,http://www.redfin.com/VA/Manakin-Sabot/309-Piping-Rock-RD-23103/home/168701300,CVRMLS,2008774,N,Y,37.640703,-77.68111
MLS Listing,,Single Family Residential,210 Montezuma Ave,Henrico,VA,23223,150000,3,1,Montezuma Farms,1080,12632,1953,11,139,,Active,,,http://www.redfin.com/VA/Richmond/210-Montezuma-Ave-23223/home/59677782,CVRMLS,2008848,N,Y,37.558087,-77.4014188
MLS Listing,,Condo/Co-op,1830 Providence Villas Ct Unit 20A,North Chesterfield,VA,23236,314903,3,2,The Villas At Providence,1859,,2020,11,169,195,Active,,,http://www.redfin.com/VA/Richmond/1830-Providence-Villas-Ct-23236/unit-20A/home/171154877,CVRMLS,2008805,N,Y,37.478676,-77.571304
MLS Listing,,Single Family Residential,2309 Whitcomb St,Richmond,VA,23223,135000,4,2,Eastview,1807,7405,1955,11,75,,Active,,,http://www.redfin.com/VA/Richmond/2309-Whitcomb-St-23223/home/55415675,CVRMLS,2008631,N,Y,37.5537663,-77.4171013
MLS Listing,,Condo/Co-op,8402 Muldoon Ct #201,Henrico,VA,23228,114950,2,1,Shannon Green Condo,848,435,1983,11,136,195,Active,,,http://www.redfin.com/VA/Richmond/8402-Muldoon-Ct-23228/unit-201/home/168654757,CVRMLS,2007861,N,Y,37.6350129,-77.5282867
MLS Listing,,Townhouse,12340 Purbrook Walk,Henrico,VA,23233,798930,4,4.5,Greengate,3033,,2020,11,263,170,Active,,,http://www.redfin.com/VA/Three-Chopt/Purbrook-Ln-23233/home/167794652,CVRMLS,2008778,N,Y,37.65882,-77.636818
MLS Listing,,Condo/Co-op,272 Creekmore Pl Unit B,Goochland,VA,23238,389520,3,2.5,,1864,,2018,11,209,238,Active,,,http://www.redfin.com/VA/Henrico/272-Creekmore-Rd-23238/unit-B/home/168868566,CVRMLS,2008862,N,Y,37.6017963,-77.6746815
MLS Listing,,Single Family Residential,10267 Aynhoe Ct,Mechanicsville,VA,23116,314950,4,2.5,Kings Charter,2468,14374,1992,11,128,72,Active,,,http://www.redfin.com/VA/Mechanicsville/10267-Aynhoe-Ct-23116/home/56181534,CVRMLS,2008651,N,Y,37.6863423,-77.4325662
MLS Listing,,Single Family Residential,2300 Oakland Pl,Richmond,VA,23224,59900,2,2,Bellemeade Addition,1313,4791,1940,11,46,,Active,,,http://www.redfin.com/VA/Richmond/2300-Oakland-Pl-23224/home/55435675,CVRMLS,2008832,N,Y,37.4977183,-77.4406377
MLS Listing,,Single Family Residential,2198 Founders View Dr,Midlothian,VA,23113,569850,4,3.5,Founders Bridge,3194,9583,2005,11,178,295,Active,,,http://www.redfin.com/VA/Midlothian/2198-Founders-View-Dr-23113/home/59868106,CVRMLS,2008841,N,Y,37.5485988,-77.6804444
MLS Listing,,Single Family Residential,2243 Apperly Ter,Midlothian,VA,23112,550000,4,3.5,Newmarket,3038,,2020,11,181,75,Active,,,http://www.redfin.com/VA/Midlothian/2243-Apperly-Ter-23112/home/144490535,CVRMLS,2008830,N,Y,37.4681353,-77.6961017
MLS Listing,,Condo/Co-op,8139 Greystone East Cir,Richmond,VA,23229,349500,3,3,Greystone Condominium,1614,1306,1986,11,217,420,Active,,,http://www.redfin.com/VA/Richmond/8139-E-Greystone-Cir-23229/home/59672365,CVRMLS,2008721,N,Y,37.583492,-77.557704
MLS Listing,,Single Family Residential,3619 Noble Ave,Richmond,VA,23222,1099000,5,5.5,Ginter Park,5417,14810,2020,11,203,,Active,,,http://www.redfin.com/VA/Richmond/3619-Noble-Ave-23222/home/55424374,CVRMLS,2008118,N,Y,37.5841081,-77.4427894
MLS Listing,,Single Family Residential,5400 Elmwood Forest Ct,Glen Allen,VA,23059,489950,5,3.5,Wyndham Forest,3509,15245,2001,11,140,47,Active,,,http://www.redfin.com/VA/Glen-Allen/5400-Elmwood-Forest-Ct-23059/home/59591522,CVRMLS,2007722,N,Y,37.6915152,-77.5882914
MLS Listing,,Single Family Residential,3406 Hazelhurst Ave,Richmond,VA,23222,294900,4,2,Edgewood,2118,7405,1946,11,139,,Active,,,http://www.redfin.com/VA/Richmond/3406-Hazelhurst-Ave-23222/home/55423403,CVRMLS,2008715,N,Y,37.5804166,-77.4317168
MLS Listing,,Single Family Residential,1909 Hanover Ave,Richmond,VA,23220,585000,4,1.5,,2358,3049,1912,11,248,,Active,,,http://www.redfin.com/VA/Richmond/1909-Hanover-Ave-23220/home/55440780,CVRMLS,2008493,N,Y,37.5520634,-77.4632394
MLS Listing,,Single Family Residential,13501 Sunday Silence Ct,Midlothian,VA,23112,265000,4,3,Deer Run,1938,13503,1993,11,137,,Active,,,http://www.redfin.com/VA/Midlothian/13501-Sunday-Silence-Ct-23112/home/59504223,CVRMLS,2008801,N,Y,37.3899827,-77.6465652
MLS Listing,,Single Family Residential,7272 Stonewall Dr,Mechanicsville,VA,23111,199000,3,1.5,Battlefield Farms,1395,19602,1958,11,143,,Active,,,http://www.redfin.com/VA/Mechanicsville/7272-Stonewall-Dr-23111/home/56196808,CVRMLS,2008783,N,Y,37.6036367,-77.3665153
MLS Listing,,Single Family Residential,133 Green Acres Ave,Richmond,VA,23224,144950,3,2,Green Acres,1086,11325,1959,11,133,,Active,,,http://www.redfin.com/VA/Richmond/133-Green-Acres-Ave-23224/home/55401100,CVRMLS,2006554,N,Y,37.5059728,-77.4888612
